dataset,problem,n,m,nnz_a,nnz_p,clarabel_1e-4,clarabel_1e-6,cuopt_1e-4,cuopt_1e-5,cuopt_1e-6,highs_1e-4,highs_1e-6,osqp_1e-4,osqp_1e-5,osqp_1e-6,piqp_1e-4,piqp_1e-6,proxqp_1e-4,proxqp_1e-5,proxqp_1e-6,qtqp_cudss_1e-4,qtqp_cudss_1e-6,qtqp_cudss_1e-8,qtqp_mkl_1e-4,qtqp_mkl_1e-6,qtqp_mkl_1e-8,scs_cpu_1e-4,scs_cpu_1e-5,scs_cpu_1e-6,scs_cudss_1e-4,scs_cudss_1e-5,scs_cudss_1e-6,clarabel_1e-4_status,clarabel_1e-6_status,cuopt_1e-4_status,cuopt_1e-5_status,cuopt_1e-6_status,highs_1e-4_status,highs_1e-6_status,osqp_1e-4_status,osqp_1e-5_status,osqp_1e-6_status,piqp_1e-4_status,piqp_1e-6_status,proxqp_1e-4_status,proxqp_1e-5_status,proxqp_1e-6_status,qtqp_cudss_1e-4_status,qtqp_cudss_1e-6_status,qtqp_cudss_1e-8_status,qtqp_mkl_1e-4_status,qtqp_mkl_1e-6_status,qtqp_mkl_1e-8_status,scs_cpu_1e-4_status,scs_cpu_1e-5_status,scs_cpu_1e-6_status,scs_cudss_1e-4_status,scs_cudss_1e-5_status,scs_cudss_1e-6_status
maros_meszaros,AUG2D,20200.0,30200.0,60200.0,19800.0,0.06,0.06,5.79,0.72,0.54,0.43,0.32,0.1,0.1,0.09,0.1,0.1,8.92,17.75,19.82,5.77,8.89,9.5,0.33,0.33,0.33,0.4,0.4,0.32,1.14,0.62,1.11,optimal,optimal,solver_error,solver_error,solver_error,solver_error,solver_error,optimal,optimal,optimal,optimal,optimal,optimal_inaccurate,optimal,optimal,optimal,optimal,optimal,optimal,optimal,optimal,optimal,optimal,optimal,optimal,optimal,optimal
maros_meszaros,AUG2DC,20200.0,30200.0,60200.0,20200.0,0.06,0.06,0.53,0.82,0.51,0.34,0.3,0.1,0.11,0.1,0.09,0.1,4.3,8.34,9.06,1.15,1.99,1.81,0.31,0.29,0.31,0.27,0.28,0.28,0.82,0.52,0.81,optimal,optimal,solver_error,solver_error,solver_error,solver_error,solver_error,optimal,optimal,optimal,optimal,optimal,optimal_inaccurate,optimal,optimal,optimal,optimal,optimal,optimal,optimal,optimal,optimal,optimal,optimal,optimal,optimal,optimal
maros_meszaros,AUG2DCQP,20200.0,30200.0,60200.0,20200.0,0.24,0.26,0.67,0.75,0.6,177.71,106.71,1.24,1.26,1.34,0.14,0.13,32.09,50.36,47.54,1.33,2.02,2.18,0.68,0.7,0.83,0.73,0.76,0.87,1.2,0.85,1.39,optimal,optimal,optimal,optimal,optimal,solver_error,solver_error,optimal,optimal,optimal,optimal,optimal,optimal,optimal,optimal,optimal,optimal,optimal,optimal,optimal,optimal,optimal,optimal,optimal,optimal,optimal,optimal
maros_meszaros,AUG2DQP,20200.0,30200.0,60200.0,19800.0,0.25,0.27,0.58,0.75,0.58,129.36,111.46,1.13,1.17,1.21,0.15,0.16,64.35,97.79,90.21,1.37,2.19,2.15,0.72,0.75,0.84,0.72,0.8,0.78,1.24,0.85,1.44,optimal,optimal,optimal,optimal,optimal,solver_error,solver_error,optimal,optimal,optimal,optimal,optimal,optimal,optimal,optimal,optimal,optimal,optimal,optimal,optimal,optimal,optimal,optimal,optimal,optimal,optimal,optimal
maros_meszaros,AUG3D,3873.0,4873.0,10419.0,2673.0,0.01,0.01,0.46,0.48,0.56,5.87,5.22,0.02,0.02,0.02,0.02,0.01,0.02,0.04,0.05,0.96,1.51,1.63,0.07,0.07,0.07,0.07,0.06,0.06,0.58,0.33,0.54,optimal,optimal,solver_error,solver_error,solver_error,optimal,optimal,optimal,optimal,optimal,optimal,optimal,optimal,optimal,optimal,optimal,optimal,optimal,optimal,optimal,optimal,optimal,optimal,optimal,optimal,optimal,optimal
maros_meszaros,AUG3DC,3873.0,4873.0,10419.0,3873.0,0.01,0.01,0.47,0.51,0.42,5.9,5.39,0.02,0.02,0.02,0.02,0.01,0.02,0.04,0.05,1.03,1.61,1.52,0.07,0.07,0.07,0.06,0.06,0.06,0.56,0.33,0.56,optimal,optimal,solver_error,solver_error,solver_error,optimal,optimal,optimal,optimal,optimal,optimal,optimal,optimal,optimal,optimal,optimal,optimal,optimal,optimal,optimal,optimal,optimal,optimal,optimal,optimal,optimal,optimal
maros_meszaros,AUG3DCQP,3873.0,4873.0,10419.0,3873.0,0.04,0.04,0.5,0.75,0.49,195.85,76.86,0.03,0.03,0.03,0.03,0.03,0.67,1.46,1.4,1.03,1.67,1.76,0.15,0.16,0.17,0.14,0.14,0.14,1.19,0.44,0.78,optimal,optimal,optimal,optimal,optimal,optimal,optimal,optimal,optimal,optimal,optimal,optimal,optimal,optimal,optimal,optimal,optimal,optimal,optimal,optimal,optimal,optimal,optimal,optimal,optimal,optimal,optimal
maros_meszaros,AUG3DQP,3873.0,4873.0,10419.0,2673.0,0.04,0.04,0.52,0.59,0.49,21.65,11.12,0.03,0.03,0.03,0.03,0.03,1.1,1.96,1.92,1.13,2.32,1.72,0.13,0.16,0.18,0.11,0.11,0.12,0.65,0.39,0.65,optimal,optimal,optimal,optimal,optimal,optimal,optimal,optimal,optimal,optimal,optimal,optimal,optimal,optimal,optimal,optimal,optimal,optimal,optimal,optimal,optimal,optimal,optimal,optimal,optimal,optimal,optimal
maros_meszaros,BOYD1,93261.0,93279.0,652246.0,93261.0,2.0,5.87,1.64,1.79,1.59,300.3,300.21,128.26,224.08,295.94,0.91,1.34,390.0,390.0,390.0,3.02,4.56,5.17,3.68,3.63,3.89,2.4,2.53,3.34,3.24,2.25,5.17,optimal_inaccurate,optimal,optimal,optimal,optimal,time_limit,time_limit,optimal,optimal,optimal,optimal,optimal,time_limit,time_limit,time_limit,optimal_inaccurate,optimal,optimal,optimal_inaccurate,optimal,optimal,optimal,optimal,optimal,optimal,optimal,optimal
maros_meszaros,BOYD2,93263.0,279794.0,517047.0,2.0,13.77,12.67,5.48,5.66,5.01,300.16,300.12,300.03,300.03,300.03,2.74,5.8,390.0,390.0,390.0,71.93,312.87,360.0,272.34,248.88,367.84,87.7,303.96,303.16,64.12,301.5,302.36,max_iter_reached,max_iter_reached,optimal,optimal,optimal,time_limit,time_limit,time_limit,time_limit,time_limit,optimal,optimal,time_limit,time_limit,time_limit,optimal_inaccurate,optimal_inaccurate,optimal,optimal,optimal,optimal,optimal,optimal,optimal,optimal,optimal,optimal
maros_meszaros,CONT-050,2597.0,4998.0,14602.0,2597.0,0.07,0.08,0.68,0.56,0.52,1.71,1.18,0.42,0.49,0.44,0.06,0.07,0.87,0.84,0.84,1.18,1.62,2.1,0.22,0.2,0.24,0.12,0.16,0.11,0.7,0.42,0.81,optimal,optimal,optimal,optimal,optimal,optimal,optimal,optimal,optimal,optimal,optimal,optimal,optimal,optimal,optimal,optimal,optimal,optimal,optimal,optimal,optimal,optimal,optimal,optimal,optimal,optimal,optimal
maros_meszaros,CONT-100,10197.0,19998.0,59202.0,10197.0,1.63,1.82,0.61,0.76,0.63,44.91,34.81,7.45,12.53,11.09,0.55,0.6,390.0,390.0,390.0,1.3,1.93,2.26,0.85,0.86,0.88,3.57,20.66,15.55,2.37,31.9,27.15,optimal,optimal,optimal,optimal,optimal,optimal,optimal,optimal,optimal,optimal,optimal,optimal,time_limit,time_limit,time_limit,optimal,optimal,optimal,optimal,optimal,optimal,optimal,optimal,optimal,optimal,optimal,optimal
maros_meszaros,CONT-101,10197.0,20295.0,59796.0,2700.0,2.03,2.21,0.65,0.66,0.59,27.41,21.1,9.99,14.5,15.4,0.53,0.6,390.0,390.0,390.0,1.38,2.0,2.29,1.04,0.94,0.95,0.96,1.01,0.79,1.11,0.85,1.22,optimal,optimal,optimal,optimal,optimal,optimal_inaccurate,optimal_inaccurate,optimal,optimal,optimal,optimal,optimal,time_limit,time_limit,time_limit,optimal,optimal,optimal,optimal,optimal,optimal,optimal,optimal,optimal,optimal,optimal,optimal
maros_meszaros,CONT-200,40397.0,79998.0,238402.0,40397.0,11.26,12.34,0.98,1.03,0.9,325.73,300.07,191.9,300.02,300.02,5.14,5.48,390.0,390.0,390.0,2.59,3.3,4.08,4.87,4.4,4.23,4.46,300.8,300.65,2.95,16.77,301.4,optimal,optimal,optimal,optimal,optimal,time_limit,time_limit,optimal,optimal,time_limit,optimal,optimal,time_limit,time_limit,time_limit,optimal,optimal,optimal,optimal,optimal,optimal,optimal,optimal,optimal,optimal,optimal,optimal
maros_meszaros,CONT-201,40397.0,80595.0,239596.0,10400.0,11.61,13.52,0.97,1.27,0.93,301.73,390.0,300.02,300.02,300.01,5.57,6.38,390.0,390.0,390.0,2.95,3.86,4.49,6.21,4.96,5.88,4.91,6.83,4.72,3.49,2.59,5.54,optimal,optimal,optimal,optimal,optimal,time_limit,time_limit,time_limit,time_limit,time_limit,optimal,optimal,time_limit,time_limit,time_limit,optimal,optimal,optimal,optimal,optimal,optimal,optimal,optimal,optimal,optimal,optimal,optimal
maros_meszaros,CONT-300,90597.0,180895.0,539396.0,23100.0,20.36,23.8,1.39,2.64,1.38,341.78,358.14,300.04,300.05,300.02,20.3,29.69,390.0,390.0,390.0,5.09,6.82,7.93,15.45,14.31,15.2,18.3,24.06,25.42,7.05,6.55,11.86,optimal,optimal,optimal,optimal,optimal,time_limit,time_limit,time_limit,time_limit,time_limit,optimal,optimal,time_limit,time_limit,time_limit,optimal,optimal,optimal,optimal,optimal,optimal,optimal,optimal,optimal,optimal,optimal,optimal
maros_meszaros,CVXQP1_L,10000.0,15000.0,24998.0,69968.0,7.2,8.06,2.42,2.37,2.22,18.41,11.05,27.53,42.26,59.67,23.38,28.79,390.0,390.0,390.0,1.75,2.5,2.68,4.44,4.09,4.37,33.85,36.52,38.98,18.15,16.96,26.8,optimal,optimal,optimal,optimal,optimal,optimal,optimal,optimal,optimal,optimal,optimal,optimal,time_limit,time_limit,time_limit,optimal,optimal,optimal,optimal,optimal,optimal,optimal,optimal,optimal,optimal,optimal,optimal
maros_meszaros,CVXQP1_M,1000.0,1500.0,2498.0,6968.0,0.22,0.29,0.64,0.73,0.75,0.1,0.07,0.08,0.1,0.09,0.06,0.06,1.2,1.18,1.17,1.06,1.7,1.81,0.15,0.16,0.16,0.1,0.12,0.09,0.73,0.5,0.77,optimal,optimal,optimal,optimal,optimal,optimal,optimal,optimal,optimal,optimal,optimal,optimal,optimal,optimal,optimal,optimal_inaccurate,optimal,optimal,optimal_inaccurate,optimal,optimal,optimal,optimal,optimal,optimal,optimal,optimal
maros_meszaros,CVXQP1_S,100.0,150.0,248.0,672.0,0.0,0.0,0.42,0.6,0.54,0.01,0.01,0.0,0.0,0.0,0.0,0.0,0.0,0.0,0.0,4.36,6.89,7.3,0.04,0.03,0.04,0.01,0.01,0.01,0.5,0.29,0.49,optimal,optimal,optimal,optimal,optimal,optimal,optimal,optimal,optimal,optimal,optimal,optimal,optimal,optimal,optimal,optimal,optimal,optimal,optimal,optimal,optimal,optimal,optimal,optimal,optimal,optimal,optimal
maros_meszaros,CVXQP2_L,10000.0,12500.0,17499.0,69968.0,3.38,4.49,1.33,1.33,1.32,57.65,82.89,6.81,8.7,9.05,9.48,12.44,155.58,150.0,154.03,1.45,2.15,2.26,1.46,1.56,1.72,2.51,2.67,2.1,2.18,1.55,2.26,optimal,optimal,optimal,optimal,optimal,optimal,optimal,optimal,optimal,optimal,optimal,optimal,optimal,optimal,optimal,optimal_inaccurate,optimal,optimal,optimal_inaccurate,optimal,optimal,optimal,optimal,optimal,optimal,optimal,optimal
maros_meszaros,CVXQP2_M,1000.0,1250.0,1749.0,6968.0,0.17,0.21,0.57,0.66,0.93,0.08,0.06,0.03,0.03,0.03,0.03,0.04,0.86,0.81,0.89,1.01,1.7,1.67,0.09,0.09,0.1,0.06,0.06,0.04,0.59,0.37,0.61,optimal,optimal,optimal,optimal,optimal,optimal,optimal,optimal,optimal,optimal,optimal,optimal,optimal,optimal,optimal,optimal_inaccurate,optimal,optimal,optimal_inaccurate,optimal,optimal,optimal,optimal,optimal,optimal,optimal,optimal
maros_meszaros,CVXQP2_S,100.0,125.0,174.0,672.0,0.0,0.0,0.43,0.59,0.45,0.0,0.01,0.0,0.0,0.0,0.0,0.0,0.0,0.0,0.0,1.02,1.6,1.69,0.03,0.03,0.03,0.01,0.01,0.01,0.52,0.3,0.49,optimal,optimal,optimal,optimal,optimal,optimal,optimal,optimal,optimal,optimal,optimal,optimal,optimal,optimal,optimal,optimal,optimal,optimal,optimal,optimal,optimal,optimal,optimal,optimal,optimal,optimal,optimal
maros_meszaros,CVXQP3_L,10000.0,17500.0,32497.0,69968.0,4.35,5.42,2.22,2.37,2.26,23.09,14.22,22.14,57.44,98.28,29.05,38.53,390.0,390.0,390.0,1.78,2.45,3.21,3.12,3.07,4.33,30.99,32.9,34.24,14.64,10.83,20.97,optimal,optimal,optimal,optimal,optimal,optimal,optimal,optimal,optimal,optimal,optimal,optimal,time_limit,time_limit,time_limit,optimal,optimal,optimal,optimal,optimal,optimal,optimal,optimal,optimal,optimal,optimal,optimal
maros_meszaros,CVXQP3_M,1000.0,1750.0,3247.0,6968.0,0.38,0.46,0.86,1.01,0.92,0.14,0.09,0.32,0.52,0.44,0.07,0.08,2.11,2.26,2.22,1.16,1.71,1.8,0.15,0.16,0.19,0.17,0.7,0.64,0.9,1.92,4.37,optimal,optimal,optimal,optimal,optimal,optimal,optimal,optimal,optimal,optimal,optimal,optimal,optimal_inaccurate,optimal,optimal,optimal,optimal,optimal,optimal,optimal,optimal,optimal,optimal,optimal,optimal,optimal,optimal
maros_meszaros,CVXQP3_S,100.0,175.0,322.0,672.0,0.0,0.0,0.55,0.51,0.54,0.01,0.01,0.0,0.0,0.0,0.0,0.0,0.01,0.01,0.01,1.14,1.68,1.61,0.03,0.03,0.04,0.01,0.01,0.01,0.66,0.34,0.52,optimal,optimal,optimal,optimal,optimal,optimal,optimal,optimal,optimal,optimal,optimal,optimal,optimal,optimal,optimal,optimal,optimal,optimal,optimal,optimal,optimal,optimal,optimal,optimal,optimal,optimal,optimal
maros_meszaros,DPKLO1,133.0,210.0,1708.0,77.0,0.0,0.0,0.43,0.44,0.44,0.01,0.01,0.0,0.0,0.0,0.0,0.0,0.0,0.0,0.0,4.52,6.73,7.27,0.02,0.02,0.02,0.01,0.01,0.01,0.47,0.29,0.57,optimal,optimal,solver_error,solver_error,solver_error,optimal,optimal,optimal,optimal,optimal,optimal,optimal,optimal_inaccurate,optimal,optimal,optimal,optimal,optimal,optimal,optimal,optimal,optimal,optimal,optimal,optimal,optimal,optimal
maros_meszaros,DTOC3,14999.0,24997.0,49992.0,14997.0,0.04,0.08,0.56,0.59,0.85,0.18,0.14,0.15,0.17,0.17,0.05,0.06,362.0,353.11,390.0,1.1,1.59,1.64,0.25,0.2,0.2,0.31,0.39,0.26,0.8,0.51,1.26,optimal,optimal,solver_error,solver_error,solver_error,solver_error,solver_error,optimal,optimal,optimal,optimal,optimal,optimal_inaccurate,optimal_inaccurate,time_limit,optimal,optimal,optimal,optimal,optimal,optimal,optimal,optimal,optimal,optimal,optimal,optimal
maros_meszaros,DUAL1,85.0,86.0,170.0,7031.0,0.0,0.01,0.45,0.44,0.41,0.01,0.01,0.0,0.0,0.0,0.0,0.0,0.0,0.0,0.0,7.75,1.5,1.63,0.04,0.04,0.04,0.01,0.01,0.01,0.5,0.29,0.52,optimal,optimal,optimal,optimal,optimal,optimal,optimal,optimal,optimal,optimal,optimal,optimal,optimal_inaccurate,optimal_inaccurate,optimal,optimal,optimal,optimal,optimal,optimal,optimal,optimal,optimal,optimal,optimal,optimal,optimal
maros_meszaros,DUAL2,96.0,97.0,192.0,8920.0,0.01,0.01,0.39,0.5,0.42,0.01,0.01,0.0,0.0,0.0,0.0,0.0,0.0,0.0,0.0,5.91,1.63,1.61,0.04,0.04,0.04,0.01,0.01,0.01,0.48,0.28,0.49,optimal,optimal,optimal,optimal,optimal,optimal,optimal,optimal,optimal,optimal,optimal,optimal,optimal,optimal,optimal,optimal,optimal,optimal,optimal,optimal,optimal,optimal,optimal,optimal,optimal,optimal,optimal
maros_meszaros,DUAL3,111.0,112.0,222.0,12105.0,0.01,0.01,0.42,0.49,0.42,0.01,0.01,0.0,0.01,0.0,0.0,0.0,0.0,0.0,0.0,1.3,1.59,1.68,0.04,0.04,0.04,0.01,0.01,0.01,0.47,0.28,0.55,optimal,optimal,optimal,optimal,optimal,optimal,optimal,optimal,optimal,optimal,optimal,optimal,optimal_inaccurate,optimal,optimal,optimal,optimal,optimal,optimal,optimal,optimal,optimal,optimal,optimal,optimal,optimal,optimal
maros_meszaros,DUAL4,75.0,76.0,150.0,5523.0,0.0,0.0,0.41,0.46,0.61,0.01,0.01,0.0,0.0,0.0,0.0,0.0,0.0,0.0,0.0,1.23,1.65,1.8,0.03,0.03,0.04,0.01,0.01,0.01,0.48,0.29,0.47,optimal,optimal,optimal,optimal,optimal,optimal,optimal,optimal,optimal,optimal,optimal,optimal,optimal,optimal_inaccurate,optimal,optimal,optimal,optimal,optimal,optimal,optimal,optimal,optimal,optimal,optimal,optimal,optimal
maros_meszaros,DUALC1,9.0,224.0,1944.0,81.0,0.0,0.0,0.44,0.47,0.42,0.0,0.01,0.01,0.01,0.0,0.0,0.0,0.0,0.0,0.0,1.34,1.77,1.75,0.04,0.03,0.03,0.01,0.01,0.01,0.47,0.31,0.47,optimal,optimal,optimal,optimal,optimal,optimal,optimal,optimal,optimal,optimal,optimal,optimal,optimal_inaccurate,optimal_inaccurate,optimal_inaccurate,optimal,optimal,optimal,optimal,optimal,optimal,optimal,optimal,optimal,optimal,optimal,optimal
maros_meszaros,DUALC2,7.0,236.0,1610.0,49.0,0.0,0.0,0.41,0.55,0.43,0.0,0.01,0.0,0.01,0.0,0.0,0.0,0.0,0.0,0.01,1.24,1.56,1.74,0.03,0.03,0.03,0.01,0.01,0.0,0.47,0.3,0.48,optimal,optimal,optimal,optimal,optimal,optimal,optimal,optimal,optimal,optimal,optimal,optimal,optimal_inaccurate,optimal_inaccurate,optimal,optimal,optimal,optimal,optimal,optimal,optimal,optimal,optimal,optimal,optimal,optimal,optimal
maros_meszaros,DUALC5,8.0,286.0,2232.0,64.0,0.0,0.0,0.42,0.48,0.44,0.01,0.01,0.0,0.01,0.0,0.0,0.0,0.0,0.0,0.0,1.25,1.58,1.67,0.03,0.03,0.03,0.01,0.01,0.01,0.44,0.3,0.45,optimal,optimal,optimal,optimal,optimal,optimal,optimal,optimal,optimal,optimal,optimal,optimal,optimal_inaccurate,optimal,optimal,optimal,optimal,optimal,optimal,optimal,optimal,optimal,optimal,optimal,optimal,optimal,optimal
maros_meszaros,DUALC8,8.0,511.0,4032.0,64.0,0.0,0.0,0.39,0.49,0.41,0.01,0.01,0.0,0.0,0.0,0.0,0.0,0.01,0.01,0.01,5.72,7.14,7.63,0.04,0.04,0.04,0.01,0.01,0.01,0.46,0.36,0.47,optimal,optimal,optimal,optimal,optimal,optimal,optimal,optimal,optimal,optimal,optimal,optimal,optimal_inaccurate,optimal,optimal,optimal,optimal,optimal,optimal,optimal,optimal,optimal,optimal,optimal,optimal,optimal,optimal
maros_meszaros,EXDATA,3000.0,6001.0,10500.0,2250000.0,2.86,3.02,1.05,1.32,1.09,4.94,2.69,3.89,3.92,3.53,6.14,7.56,390.0,390.0,390.0,7.81,2.82,3.2,3.1,2.93,3.06,1.74,1.77,1.42,1.32,0.99,1.38,optimal,optimal,optimal,optimal,optimal,optimal,optimal,optimal,optimal,optimal,optimal,optimal,time_limit,time_limit,time_limit,optimal,optimal,optimal,optimal,optimal,optimal,optimal,optimal,optimal,optimal,optimal,optimal
maros_meszaros,GENHS28,10.0,18.0,34.0,28.0,0.0,0.0,0.51,0.45,0.61,0.0,0.01,0.0,0.0,0.0,0.0,0.0,0.0,0.0,0.0,1.48,1.56,1.71,0.02,0.01,0.01,0.0,0.0,0.0,0.46,0.29,0.46,optimal,optimal,solver_error,solver_error,solver_error,optimal,optimal,optimal,optimal,optimal,optimal,optimal,optimal,optimal,optimal,optimal,optimal,optimal,optimal,optimal,optimal,optimal,optimal,optimal,optimal,optimal,optimal
maros_meszaros,GOULDQP2,699.0,1048.0,1746.0,1045.0,0.01,0.01,0.43,0.5,0.41,0.06,0.24,0.01,0.02,0.04,0.0,0.0,0.48,0.49,0.61,1.2,1.69,1.63,0.05,0.06,0.07,0.03,0.03,0.06,0.61,0.34,0.72,optimal,optimal,optimal,optimal,optimal,optimal_inaccurate,optimal_inaccurate,optimal,optimal,optimal,optimal,optimal,optimal_inaccurate,optimal,optimal,optimal,optimal,optimal,optimal,optimal,optimal,optimal,optimal,optimal,optimal,optimal,optimal
maros_meszaros,GOULDQP3,699.0,1048.0,1746.0,2092.0,0.01,0.01,0.58,0.55,0.46,0.06,0.05,0.0,0.01,0.0,0.0,0.0,0.12,0.16,0.15,1.22,1.62,1.71,0.06,0.06,0.06,0.01,0.03,0.03,0.42,0.38,0.64,optimal,optimal,optimal,optimal,optimal,optimal,optimal,optimal,optimal,optimal,optimal,optimal,optimal,optimal,optimal,optimal,optimal,optimal,optimal,optimal,optimal,optimal,optimal,optimal,optimal,optimal,optimal
maros_meszaros,HS118,15.0,32.0,54.0,15.0,0.0,0.0,0.43,0.5,0.42,0.0,0.01,0.0,0.0,0.0,0.0,0.0,0.0,0.0,0.0,1.27,1.54,1.46,0.02,0.02,0.03,0.0,0.0,0.0,0.43,0.3,0.55,optimal,optimal,optimal,optimal,optimal,optimal,optimal,optimal,optimal,optimal,optimal,optimal,optimal,optimal,optimal,optimal,optimal,optimal,optimal,optimal,optimal,optimal,optimal,optimal,optimal,optimal,optimal
maros_meszaros,HS21,2.0,3.0,4.0,2.0,0.0,0.0,0.67,0.45,0.47,0.0,0.0,0.0,0.0,0.0,0.0,0.0,0.0,0.0,0.0,1.11,1.67,1.51,0.02,0.02,0.02,0.0,0.0,0.0,0.44,0.29,0.58,optimal,optimal,optimal,optimal,optimal,optimal,optimal,optimal,optimal,optimal,optimal,optimal,optimal,optimal,optimal,optimal,optimal,optimal,optimal,optimal,optimal,optimal,optimal,optimal,optimal,optimal,optimal
maros_meszaros,HS268,5.0,10.0,30.0,25.0,0.0,0.0,0.38,0.45,0.45,0.0,0.0,0.0,0.0,0.0,0.0,0.0,0.0,0.0,0.0,1.09,1.48,1.51,0.02,0.02,0.02,0.0,0.0,0.0,0.48,0.31,0.52,optimal,optimal,solver_error,solver_error,solver_error,optimal,optimal,optimal,optimal,optimal,optimal,optimal,optimal,optimal,optimal,optimal,optimal,optimal,optimal,optimal,optimal,optimal,optimal,optimal,optimal,optimal,optimal
maros_meszaros,HS35,3.0,4.0,6.0,7.0,0.0,0.0,0.51,0.53,0.41,0.0,0.01,0.0,0.0,0.0,0.0,0.0,0.0,0.0,0.0,1.14,1.52,1.52,0.02,0.02,0.02,0.0,0.0,0.0,0.45,0.3,0.48,optimal,optimal,optimal,optimal,optimal,optimal,optimal,optimal,optimal,optimal,optimal,optimal,optimal,optimal,optimal,optimal,optimal,optimal,optimal,optimal,optimal,optimal,optimal,optimal,optimal,optimal,optimal
maros_meszaros,HS35MOD,3.0,4.0,6.0,7.0,0.0,0.0,0.4,0.44,0.39,0.0,0.01,0.0,0.0,0.0,0.0,0.0,0.0,0.0,0.0,1.21,1.63,1.51,0.02,0.02,0.02,0.0,0.0,0.0,0.43,0.29,0.47,optimal,optimal,optimal,optimal,optimal,optimal,optimal,optimal,optimal,optimal,optimal,optimal,optimal,optimal,optimal,optimal,optimal,optimal,optimal,optimal,optimal,optimal,optimal,optimal,optimal,optimal,optimal
maros_meszaros,HS51,5.0,8.0,12.0,9.0,0.0,0.0,0.5,0.43,0.54,0.0,0.0,0.0,0.0,0.0,0.0,0.0,0.0,0.0,0.0,1.03,1.64,1.45,0.01,0.01,0.01,0.0,0.0,0.0,0.43,0.29,0.47,optimal,optimal,solver_error,solver_error,solver_error,optimal,optimal,optimal,optimal,optimal,optimal,optimal,optimal,optimal,optimal,optimal,optimal,optimal,optimal,optimal,optimal,optimal,optimal,optimal,optimal,optimal,optimal
maros_meszaros,HS52,5.0,8.0,12.0,9.0,0.0,0.0,0.39,0.43,0.41,0.0,0.01,0.0,0.0,0.0,0.0,0.0,0.0,0.0,0.0,1.03,1.46,1.43,0.01,0.01,0.01,0.0,0.0,0.0,0.4,0.28,0.48,optimal,optimal,solver_error,solver_error,solver_error,optimal,optimal,optimal,optimal,optimal,optimal,optimal,optimal,optimal,optimal,optimal,optimal,optimal,optimal,optimal,optimal,optimal,optimal,optimal,optimal,optimal,optimal
maros_meszaros,HS53,5.0,8.0,12.0,9.0,0.0,0.0,0.42,0.45,0.65,0.0,0.0,0.0,0.0,0.0,0.0,0.0,0.0,0.0,0.0,1.08,1.49,1.47,0.02,0.02,0.02,0.0,0.0,0.0,0.42,0.29,0.51,optimal,optimal,optimal,optimal,optimal,optimal,optimal,optimal,optimal,optimal,optimal,optimal,optimal,optimal,optimal,optimal,optimal,optimal,optimal,optimal,optimal,optimal,optimal,optimal,optimal,optimal,optimal
maros_meszaros,HS76,4.0,7.0,14.0,8.0,0.0,0.0,0.38,0.49,0.41,0.0,0.0,0.0,0.0,0.0,0.0,0.0,0.0,0.0,0.0,1.11,1.52,1.46,0.02,0.02,0.02,0.0,0.0,0.0,0.4,0.3,0.45,optimal,optimal,optimal,optimal,optimal,optimal,optimal,optimal,optimal,optimal,optimal,optimal,optimal,optimal,optimal,optimal,optimal,optimal,optimal,optimal,optimal,optimal,optimal,optimal,optimal,optimal,optimal
maros_meszaros,HUES-MOD,10000.0,10002.0,30000.0,10000.0,0.06,0.08,0.49,0.59,0.53,240.66,300.07,0.11,0.09,0.07,0.04,0.04,0.1,0.1,0.1,1.28,1.68,1.9,0.24,0.23,0.24,1.22,1.27,1.0,1.6,1.36,1.61,optimal,optimal,optimal,optimal,optimal,solver_error,time_limit,primal_infeasible,primal_infeasible,primal_infeasible,optimal,optimal,optimal,optimal,optimal,optimal,optimal,optimal,optimal,optimal,optimal,optimal,optimal,optimal,optimal,optimal,optimal
maros_meszaros,HUESTIS,10000.0,10002.0,30000.0,10000.0,0.08,0.06,0.59,0.59,0.54,249.41,300.04,0.05,0.04,0.04,0.05,0.05,0.14,0.13,0.13,1.25,1.84,1.79,0.23,0.22,0.24,31.22,31.39,25.71,22.7,4.99,11.47,optimal,optimal,optimal,optimal,optimal,solver_error,time_limit,primal_infeasible,primal_infeasible,primal_infeasible,optimal,optimal,primal_infeasible,primal_infeasible,primal_infeasible,optimal,optimal,optimal,optimal,optimal,optimal,optimal,optimal,optimal,optimal,optimal,optimal
maros_meszaros,KSIP,20.0,1021.0,19918.0,20.0,0.02,0.02,0.47,0.53,0.47,0.03,0.03,0.02,0.08,0.29,0.01,0.01,0.53,0.5,0.5,1.21,1.63,1.71,0.06,0.06,0.07,0.03,0.04,0.81,0.47,0.3,1.84,optimal,optimal,solver_error,solver_error,solver_error,solver_error,solver_error,optimal,optimal,optimal,optimal,optimal,optimal_inaccurate,optimal,optimal,optimal,optimal,optimal,optimal,optimal,optimal,optimal,optimal,optimal,optimal,optimal,optimal
maros_meszaros,LASER,1002.0,2002.0,4002.0,5460.0,0.01,0.01,0.38,0.45,0.4,0.02,0.02,0.01,0.01,0.01,0.01,0.01,1.68,1.64,1.88,1.19,1.68,1.74,0.07,0.06,0.07,94.43,97.76,73.53,205.44,88.55,131.91,optimal,optimal,solver_error,solver_error,solver_error,solver_error,solver_error,optimal,optimal,optimal,optimal,optimal,optimal,optimal,optimal,optimal,optimal,optimal,optimal,optimal,optimal,primal_infeasible_inaccurate,primal_infeasible_inaccurate,primal_infeasible_inaccurate,primal_infeasible_inaccurate,optimal,optimal
maros_meszaros,LISWET1,10002.0,20002.0,40002.0,10002.0,0.08,0.1,0.57,0.6,0.48,1.11,0.81,0.19,3.2,134.54,0.3,0.3,14.78,180.21,390.0,1.28,2.26,28.52,0.28,0.65,22.95,0.63,0.62,3.83,0.77,0.81,6.16,optimal,optimal,solver_error,solver_error,solver_error,optimal,optimal,optimal,optimal,optimal,optimal,optimal,optimal,optimal,time_limit,optimal,optimal,optimal,optimal,optimal,optimal,optimal,optimal,optimal,optimal,optimal,optimal
maros_meszaros,LISWET10,10002.0,20002.0,40002.0,10002.0,0.08,0.09,0.46,0.54,0.47,1.33,0.99,0.17,0.98,16.44,0.24,0.24,14.46,91.75,390.0,1.22,1.68,34.14,0.24,0.24,27.57,0.64,0.65,1.23,0.81,0.84,2.51,optimal,optimal,solver_error,solver_error,solver_error,optimal,optimal,optimal,optimal,optimal,optimal,optimal,optimal,optimal,time_limit,optimal,optimal,optimal,optimal,optimal,optimal,optimal,optimal,optimal,optimal,optimal,optimal
maros_meszaros,LISWET11,10002.0,20002.0,40002.0,10002.0,0.07,0.19,0.46,0.6,0.61,1.42,1.06,0.17,1.03,19.46,0.18,0.18,15.1,93.42,390.0,1.28,1.76,10.13,0.25,0.25,7.22,0.66,0.63,1.02,0.77,0.73,1.77,optimal,optimal,solver_error,solver_error,solver_error,optimal,optimal,optimal,optimal,optimal,optimal,optimal,optimal,optimal,time_limit,optimal,optimal,optimal,optimal,optimal,optimal,optimal,optimal,optimal,optimal,optimal,optimal
maros_meszaros,LISWET12,10002.0,20002.0,40002.0,10002.0,0.1,0.55,0.46,0.49,0.49,1.16,0.86,0.17,1.03,300.0,0.41,0.27,15.35,106.35,390.0,1.3,31.14,36.87,0.25,32.0,31.97,0.82,4.69,300.08,0.64,3.41,300.67,optimal,optimal,solver_error,solver_error,solver_error,optimal,optimal,optimal,optimal,time_limit,optimal,optimal,optimal,optimal,time_limit,optimal,optimal,optimal,optimal,optimal,optimal,optimal,optimal,optimal,optimal,optimal,optimal
maros_meszaros,LISWET2,10002.0,20002.0,40002.0,10002.0,0.07,0.09,0.46,0.54,0.58,1.14,0.83,0.2,1.18,19.24,0.14,0.15,14.37,73.97,390.0,1.26,1.69,1.86,0.25,0.25,0.33,0.73,0.71,1.0,0.69,0.8,1.28,optimal,optimal,solver_error,solver_error,solver_error,optimal,optimal,optimal,optimal,optimal,optimal,optimal,optimal,optimal,time_limit,optimal,optimal,optimal,optimal,optimal,optimal,optimal,optimal,optimal,optimal,optimal,optimal
maros_meszaros,LISWET3,10002.0,20002.0,40002.0,10002.0,0.08,0.09,0.46,0.5,0.49,1.97,1.44,0.2,1.19,18.97,0.11,0.11,14.39,76.04,390.0,1.22,1.72,1.87,0.26,0.25,0.33,0.66,0.71,1.13,0.77,0.91,2.18,optimal,optimal,solver_error,solver_error,solver_error,optimal_inaccurate,optimal_inaccurate,optimal,optimal,optimal,optimal,optimal,optimal,optimal,time_limit,optimal,optimal,optimal,optimal,optimal,optimal,optimal,optimal,optimal,optimal,optimal,optimal
maros_meszaros,LISWET4,10002.0,20002.0,40002.0,10002.0,0.08,0.1,0.47,0.53,0.55,2.01,1.5,0.19,1.16,18.6,0.11,0.12,14.28,76.68,390.0,1.31,1.72,1.87,0.26,0.26,0.37,0.69,0.71,0.7,0.82,0.84,1.59,optimal,optimal,solver_error,solver_error,solver_error,optimal,optimal,optimal,optimal,optimal,optimal,optimal,optimal,optimal,time_limit,optimal,optimal,optimal,optimal,optimal,optimal,optimal,optimal,optimal,optimal,optimal,optimal
maros_meszaros,LISWET5,10002.0,20002.0,40002.0,10002.0,0.05,0.06,0.61,0.56,0.48,7.7,5.57,0.11,0.49,5.6,0.12,0.11,9.15,53.44,362.21,1.26,1.75,1.75,0.24,0.24,0.25,0.59,0.71,0.97,0.77,0.84,1.86,optimal,optimal,solver_error,solver_error,solver_error,optimal_inaccurate,optimal_inaccurate,optimal,optimal,optimal,optimal,optimal,optimal,optimal,optimal,optimal,optimal,optimal,optimal,optimal,optimal,optimal,optimal,optimal,optimal,optimal,optimal
maros_meszaros,LISWET6,10002.0,20002.0,40002.0,10002.0,0.08,0.09,0.52,0.56,0.6,3.46,2.5,0.17,1.01,15.89,0.12,0.12,14.87,74.12,390.0,1.21,1.69,1.83,0.24,0.23,0.31,0.72,0.72,0.9,0.65,0.76,2.06,optimal,optimal,solver_error,solver_error,solver_error,optimal_inaccurate,optimal_inaccurate,optimal,optimal,optimal,optimal,optimal,optimal,optimal,time_limit,optimal,optimal,optimal,optimal,optimal,optimal,optimal,optimal,optimal,optimal,optimal,optimal
maros_meszaros,LISWET7,10002.0,20002.0,40002.0,10002.0,0.07,0.21,0.51,0.52,0.49,1.11,0.82,0.2,1.3,19.33,0.36,0.31,14.95,91.3,390.0,1.3,1.73,30.52,0.25,0.24,20.53,0.82,0.9,0.84,0.82,0.81,2.01,optimal,optimal,solver_error,solver_error,solver_error,optimal,optimal,optimal,optimal,optimal,optimal,optimal,optimal,optimal,time_limit,optimal,optimal,optimal,optimal,optimal,optimal,optimal,optimal,optimal,optimal,optimal,optimal
maros_meszaros,LISWET8,10002.0,20002.0,40002.0,10002.0,0.07,0.33,0.61,0.66,0.6,1.38,1.02,0.2,1.23,19.54,0.48,0.4,14.55,88.52,390.0,1.63,1.72,38.18,0.26,0.25,30.17,0.72,0.72,1.06,0.82,0.83,2.3,optimal,optimal,solver_error,solver_error,solver_error,optimal,optimal,optimal,optimal,optimal,optimal,optimal,optimal,optimal,time_limit,optimal,optimal,optimal,optimal,optimal,optimal,optimal,optimal,optimal,optimal,optimal,optimal
maros_meszaros,LISWET9,10002.0,20002.0,40002.0,10002.0,0.13,0.72,0.47,0.57,0.48,1.15,0.85,0.2,1.18,20.35,0.35,0.23,15.36,103.61,390.0,1.93,30.44,36.97,0.24,31.03,26.69,0.73,0.72,300.08,0.82,0.82,300.65,optimal,optimal,solver_error,solver_error,solver_error,optimal,optimal,optimal,optimal,optimal,optimal,optimal,optimal,optimal,time_limit,optimal,optimal,optimal,optimal,optimal,optimal,optimal,optimal,optimal,optimal,optimal,optimal
maros_meszaros,LOTSCHD,12.0,19.0,66.0,6.0,0.0,0.0,0.53,0.58,0.43,0.0,0.01,0.0,0.0,0.0,0.0,0.0,0.0,0.0,0.0,1.18,1.54,1.47,0.02,0.02,0.02,0.0,0.0,0.0,0.29,0.29,0.54,optimal,optimal,optimal,optimal,optimal,optimal,optimal,optimal,optimal,optimal,optimal,optimal,optimal,optimal,optimal,optimal,optimal,optimal,optimal,optimal,optimal,optimal,optimal,optimal,optimal,optimal,optimal
maros_meszaros,MOSARQP1,2500.0,3200.0,5922.0,2590.0,0.02,0.03,0.45,0.55,0.49,4.83,5.89,0.03,0.04,0.04,0.02,0.01,0.28,0.27,0.28,1.2,1.59,1.73,0.09,0.1,0.1,0.09,0.09,0.07,0.36,0.36,0.63,optimal,optimal,optimal,optimal,optimal,solver_error,solver_error,optimal,optimal,optimal,optimal,optimal,optimal,optimal,optimal,optimal,optimal,optimal,optimal,optimal,optimal,optimal,optimal,optimal,optimal,optimal,optimal
maros_meszaros,MOSARQP2,900.0,1500.0,3830.0,990.0,0.01,0.02,0.56,0.5,0.5,300.0,300.01,0.01,0.01,0.01,0.01,0.01,0.02,0.03,0.02,1.26,1.58,1.63,0.07,0.06,0.07,0.05,0.04,0.03,0.35,0.36,0.53,optimal,optimal,optimal,optimal,optimal,time_limit,time_limit,optimal,optimal,optimal,optimal,optimal,optimal,optimal,optimal,optimal,optimal,optimal,optimal,optimal,optimal,optimal,optimal,optimal,optimal,optimal,optimal
maros_meszaros,POWELL20,10000.0,20000.0,30000.0,10000.0,0.1,0.11,0.45,0.64,0.46,0.89,0.72,96.65,142.84,150.37,0.11,0.1,390.0,390.0,390.0,1.28,1.69,1.71,0.33,0.29,0.29,0.13,0.12,0.1,0.38,0.37,0.59,primal_infeasible,primal_infeasible,solver_error,solver_error,solver_error,optimal,optimal,optimal,optimal,optimal,optimal,optimal,time_limit,time_limit,time_limit,optimal,optimal,optimal,optimal,optimal,optimal,primal_infeasible,primal_infeasible,primal_infeasible,primal_infeasible,primal_infeasible,primal_infeasible
maros_meszaros,PRIMAL1,325.0,410.0,6140.0,324.0,0.01,0.01,0.55,0.49,0.42,0.04,0.03,0.01,0.01,0.01,0.01,0.01,0.01,0.01,0.01,1.29,1.58,1.52,0.04,0.04,0.04,0.02,0.02,0.01,0.3,0.29,0.53,optimal,optimal,solver_error,solver_error,solver_error,optimal,optimal,optimal,optimal,optimal,optimal,optimal,optimal,optimal,optimal,optimal,optimal,optimal,optimal,optimal,optimal,optimal,optimal,optimal,optimal,optimal,optimal
maros_meszaros,PRIMAL2,649.0,745.0,8691.0,648.0,0.01,0.01,0.43,0.51,0.46,0.08,0.06,0.01,0.01,0.01,0.01,0.01,0.01,0.01,0.01,1.14,1.58,1.55,0.04,0.04,0.05,0.02,0.02,0.02,0.3,0.3,0.49,optimal,optimal,solver_error,solver_error,solver_error,optimal,optimal,optimal,optimal,optimal,optimal,optimal,optimal_inaccurate,optimal,optimal,optimal,optimal,optimal,optimal,optimal,optimal,optimal,optimal,optimal,optimal,optimal,optimal
maros_meszaros,PRIMAL3,745.0,856.0,22292.0,744.0,0.03,0.04,0.52,0.47,0.4,0.2,0.15,0.02,0.02,0.02,0.03,0.02,0.01,0.02,0.02,1.2,1.56,1.6,0.07,0.07,0.08,0.04,0.05,0.03,0.3,0.29,0.53,optimal,optimal,solver_error,solver_error,solver_error,optimal,optimal,optimal,optimal,optimal,optimal,optimal,optimal_inaccurate,optimal_inaccurate,optimal,optimal,optimal,optimal,optimal,optimal,optimal,optimal,optimal,optimal,optimal,optimal,optimal
maros_meszaros,PRIMAL4,1489.0,1564.0,17520.0,1488.0,0.02,0.03,0.42,0.49,0.45,1.85,0.79,0.02,0.02,0.02,0.02,0.02,0.02,0.02,0.01,1.16,1.63,1.51,0.05,0.06,0.07,0.04,0.04,0.03,0.31,0.3,0.53,optimal,optimal,solver_error,solver_error,solver_error,optimal,optimal,optimal,optimal,optimal,optimal,optimal,optimal_inaccurate,optimal_inaccurate,optimal_inaccurate,optimal,optimal,optimal,optimal,optimal,optimal,optimal,optimal,optimal,optimal,optimal,optimal
maros_meszaros,PRIMALC1,230.0,239.0,2300.0,229.0,0.0,0.0,0.4,0.48,0.43,0.01,0.01,0.01,0.01,0.01,0.0,0.0,0.01,0.02,0.02,1.15,1.59,1.53,0.04,0.03,0.03,0.02,0.03,0.02,0.4,0.4,0.67,optimal,optimal,solver_error,solver_error,solver_error,optimal,optimal,dual_infeasible,dual_infeasible,dual_infeasible,optimal,optimal,optimal_inaccurate,optimal_inaccurate,optimal,optimal,optimal,optimal,optimal,optimal,optimal,optimal,optimal,optimal,optimal,optimal,optimal
maros_meszaros,PRIMALC2,231.0,238.0,1848.0,230.0,0.0,0.0,0.46,0.49,0.41,0.01,0.01,0.0,0.01,0.0,0.0,0.0,0.02,0.02,0.02,1.33,1.58,1.57,0.03,0.03,0.03,0.03,0.04,0.02,0.41,0.41,0.63,optimal,optimal,solver_error,solver_error,solver_error,optimal,optimal,dual_infeasible,dual_infeasible,dual_infeasible,optimal,optimal,optimal_inaccurate,optimal_inaccurate,optimal,optimal,optimal,optimal,optimal,optimal,optimal,optimal,optimal,optimal,optimal,optimal,optimal
maros_meszaros,PRIMALC5,287.0,295.0,2583.0,286.0,0.0,0.0,0.46,0.44,0.41,0.01,0.01,0.0,0.0,0.0,0.0,0.0,0.02,0.02,0.02,1.16,1.47,1.46,0.03,0.03,0.03,0.03,0.03,0.02,0.37,0.36,0.58,optimal,optimal,solver_error,solver_error,solver_error,optimal,optimal,dual_infeasible,dual_infeasible,dual_infeasible,optimal,optimal,optimal,optimal,optimal,optimal,optimal,optimal,optimal,optimal,optimal,optimal,optimal,optimal,optimal,optimal,optimal
maros_meszaros,PRIMALC8,520.0,528.0,4680.0,519.0,0.01,0.01,0.4,0.5,0.44,0.01,0.01,0.15,0.15,0.13,0.01,0.0,0.13,0.13,0.13,1.17,1.5,1.56,0.04,0.04,0.04,0.3,0.3,0.23,1.92,2.32,1.55,optimal,optimal,solver_error,solver_error,solver_error,optimal_inaccurate,optimal_inaccurate,dual_infeasible,dual_infeasible,dual_infeasible,optimal,optimal,optimal_inaccurate,optimal,optimal,optimal,optimal,optimal,optimal,optimal,optimal,optimal_inaccurate,optimal,optimal,optimal,optimal,optimal
maros_meszaros,Q25FV47,1571.0,2391.0,11971.0,118552.0,0.85,1.28,1.33,1.48,1.34,300.02,300.08,0.74,6.44,12.6,0.24,0.21,25.3,28.99,29.64,1.4,1.79,2.03,0.34,0.4,0.49,0.73,0.76,0.59,1.59,1.71,2.61,optimal,optimal,optimal,optimal,optimal,time_limit,time_limit,optimal,optimal,optimal,optimal,optimal,optimal,optimal,optimal,optimal,optimal,optimal,optimal,optimal,optimal,optimal,optimal,optimal,optimal,optimal,optimal
maros_meszaros,QADLITTL,97.0,153.0,480.0,157.0,0.0,0.0,0.47,0.52,0.45,0.01,0.01,0.01,0.01,0.01,0.0,0.0,0.01,0.01,0.01,1.21,1.51,1.52,0.03,0.03,0.03,0.01,0.01,0.01,0.36,0.37,0.52,optimal,optimal,optimal,optimal,optimal,optimal,optimal,optimal,optimal,optimal,optimal,optimal,optimal_inaccurate,optimal,optimal,optimal,optimal,optimal,optimal,optimal,optimal,optimal,optimal,optimal,optimal,optimal,optimal
maros_meszaros,QAFIRO,32.0,59.0,115.0,9.0,0.0,0.0,0.5,0.55,0.44,0.0,0.0,0.0,0.0,0.0,0.0,0.0,0.0,0.0,0.0,1.16,1.41,1.48,0.03,0.03,0.03,0.0,0.01,0.0,0.31,0.28,0.55,optimal,optimal,optimal,optimal,optimal,optimal,optimal,optimal,optimal,optimal,optimal,optimal,optimal,optimal,optimal,optimal,optimal,optimal,optimal,optimal,optimal,optimal,optimal,optimal,optimal,optimal,optimal
maros_meszaros,QBANDM,472.0,777.0,2966.0,57.0,0.01,0.01,0.48,0.55,0.47,0.04,0.03,0.03,0.22,0.32,0.01,0.01,0.28,0.31,0.34,1.25,1.51,1.76,0.05,0.06,0.07,0.04,0.06,0.04,0.38,0.5,0.67,optimal,optimal,optimal,optimal,optimal,optimal,optimal,optimal,optimal,optimal,optimal,optimal,optimal,optimal,optimal,optimal,optimal,optimal,optimal,optimal,optimal,optimal,optimal,optimal,optimal,optimal,optimal
maros_meszaros,QBEACONF,262.0,435.0,3637.0,36.0,0.01,0.01,0.44,0.51,0.44,0.01,0.01,0.01,0.03,0.05,0.01,0.0,0.04,0.04,0.04,1.27,1.58,1.63,0.05,0.05,0.06,0.02,0.02,0.02,0.32,0.33,0.55,optimal,optimal,optimal,optimal,optimal,optimal,optimal,optimal,optimal,optimal,optimal,optimal,optimal,optimal,optimal,optimal,optimal,optimal,optimal,optimal,optimal,optimal,optimal,optimal,optimal,optimal,optimal
maros_meszaros,QBORE3D,315.0,548.0,1744.0,128.0,0.01,0.01,0.49,0.55,0.53,0.01,0.01,0.65,1.73,9.9,0.0,0.0,0.08,0.07,0.15,1.31,1.66,1.69,0.06,0.07,0.08,0.05,0.05,0.04,0.45,0.51,0.76,optimal,optimal,optimal,optimal,optimal,optimal_inaccurate,optimal_inaccurate,optimal,optimal,max_iter_reached,optimal,optimal,optimal_inaccurate,optimal,optimal,optimal,optimal,optimal,optimal,optimal,optimal,optimal,optimal,optimal,optimal,optimal,optimal
maros_meszaros,QBRANDY,249.0,469.0,2397.0,114.0,0.01,0.01,0.55,0.52,0.48,0.01,0.01,0.05,0.18,0.45,0.01,0.0,0.08,0.08,0.08,1.23,1.69,1.77,0.05,0.05,0.06,0.02,0.03,0.02,0.34,0.34,0.59,optimal,optimal,optimal,optimal,optimal,optimal,optimal,optimal,optimal,optimal,optimal,optimal,optimal,optimal,optimal,optimal,optimal,optimal,optimal,optimal,optimal,optimal,optimal,optimal,optimal,optimal,optimal
maros_meszaros,QCAPRI,353.0,624.0,2120.0,1732.0,0.01,0.02,0.39,0.43,0.4,0.02,0.02,2.49,16.52,13.9,0.01,0.01,0.4,0.38,0.38,1.36,1.82,1.96,0.1,0.12,0.16,0.12,4.38,6.69,0.67,17.07,71.24,optimal,optimal,solver_error,solver_error,solver_error,optimal,optimal,optimal,optimal,max_iter_reached,optimal,optimal,primal_infeasible,primal_infeasible,primal_infeasible,optimal,optimal,optimal,optimal,optimal,optimal,optimal,optimal,optimal,optimal,optimal,optimal
maros_meszaros,QE226,282.0,505.0,2860.0,1861.0,0.01,0.02,0.54,0.62,0.48,0.06,0.03,0.21,8.24,15.63,0.01,0.01,0.18,0.19,0.19,1.49,1.71,1.5,0.06,0.06,0.07,0.04,0.04,0.03,0.48,0.5,0.84,optimal,optimal,optimal,optimal,optimal,solver_error,solver_error,optimal,optimal,max_iter_reached,optimal,optimal,optimal,optimal,optimal,optimal,optimal,optimal,optimal,optimal,optimal,optimal,optimal,optimal,optimal,optimal,optimal
maros_meszaros,QETAMACR,688.0,1088.0,3097.0,8516.0,0.29,0.35,1.16,1.34,1.22,0.29,0.16,6.69,7.58,6.89,0.08,0.07,0.64,0.6,0.61,1.24,1.88,2.89,0.11,0.18,0.24,0.66,2.24,2.91,3.52,23.73,52.66,optimal,optimal,optimal,optimal,optimal,solver_error,solver_error,optimal,optimal,optimal,optimal,optimal,primal_infeasible,primal_infeasible,primal_infeasible,optimal,optimal,optimal,optimal,optimal,optimal,optimal,optimal,optimal,optimal,optimal,optimal
maros_meszaros,QFFFFF80,854.0,1378.0,7081.0,3554.0,0.04,0.06,0.86,1.28,0.94,0.16,0.1,8.44,10.34,9.23,0.04,0.04,1.63,1.83,1.97,1.34,1.76,1.72,0.1,0.11,0.15,0.12,0.13,0.72,0.67,0.71,4.2,optimal,optimal,optimal,optimal,optimal,optimal_inaccurate,optimal_inaccurate,optimal,optimal,optimal,optimal,optimal,optimal_inaccurate,optimal_inaccurate,optimal,optimal,optimal,optimal,optimal,optimal,optimal,optimal,optimal,optimal,optimal,optimal,optimal
maros_meszaros,QFORPLAN,421.0,582.0,4984.0,1128.0,0.01,0.02,1.01,1.03,0.9,0.03,0.02,0.84,15.52,16.18,0.01,0.01,0.7,0.88,0.88,1.23,1.5,1.76,0.05,0.07,0.1,0.02,0.05,0.04,0.3,0.41,0.69,optimal,optimal,optimal,optimal,optimal,optimal,optimal,optimal,optimal,optimal,optimal,optimal,optimal_inaccurate,primal_infeasible,primal_infeasible,optimal,optimal,optimal,optimal,optimal,optimal,optimal,optimal,optimal,optimal,optimal,optimal
maros_meszaros,QGFRDXPN,1092.0,1708.0,3469.0,270.0,0.01,0.02,1.33,1.71,1.3,0.15,0.09,0.12,1.75,10.14,0.01,0.01,2.88,2.74,2.81,1.24,1.55,1.72,0.08,0.09,0.11,0.8,0.83,0.63,6.05,6.5,12.15,optimal,optimal,optimal,optimal,optimal,optimal,optimal,optimal,optimal,optimal,optimal,optimal,primal_infeasible,primal_infeasible,primal_infeasible,optimal,optimal,optimal,optimal,optimal,optimal,optimal,optimal,optimal,optimal,optimal,optimal
maros_meszaros,QGROW15,645.0,945.0,6265.0,962.0,0.02,0.03,0.6,0.7,0.69,300.0,300.01,0.54,33.34,28.47,0.01,0.01,0.69,0.66,0.65,1.34,1.67,2.84,0.1,0.12,0.27,0.88,0.89,0.67,13.3,16.57,10.69,optimal,optimal,optimal,optimal,optimal,time_limit,time_limit,optimal,max_iter_reached,max_iter_reached,optimal,optimal,optimal,optimal,optimal,optimal,optimal,optimal,optimal,optimal,optimal,dual_infeasible,dual_infeasible,dual_infeasible,dual_infeasible,dual_infeasible,dual_infeasible
maros_meszaros,QGROW22,946.0,1386.0,9198.0,1639.0,0.03,0.04,0.82,1.25,1.04,300.0,300.01,11.13,50.43,42.48,0.02,0.02,1.79,1.69,1.7,1.35,1.75,2.06,0.13,0.16,0.25,68.87,114.15,82.63,300.29,300.3,300.5,optimal,optimal,optimal,optimal,optimal,time_limit,time_limit,optimal,max_iter_reached,max_iter_reached,optimal,optimal,optimal,optimal,optimal,optimal,optimal,optimal,optimal,optimal,optimal,optimal_inaccurate,optimal_inaccurate,optimal_inaccurate,dual_infeasible_inaccurate,optimal_inaccurate,optimal_inaccurate
maros_meszaros,QGROW7,301.0,441.0,2913.0,684.0,0.01,0.01,0.67,0.74,0.6,300.0,300.01,0.24,4.39,13.32,0.01,0.01,0.11,0.1,0.1,1.28,1.79,2.38,0.07,0.08,0.23,29.29,34.21,25.14,202.32,234.66,256.72,optimal,optimal,optimal,optimal,optimal,time_limit,time_limit,optimal,optimal,max_iter_reached,optimal,optimal,optimal,optimal,optimal,optimal,optimal,optimal,optimal,optimal,optimal,optimal_inaccurate,optimal_inaccurate,optimal_inaccurate,optimal_inaccurate,dual_infeasible_inaccurate,optimal_inaccurate
maros_meszaros,QISRAEL,142.0,316.0,2411.0,1354.0,0.01,0.01,0.59,0.76,0.65,0.02,0.01,0.03,0.05,1.01,0.0,0.0,0.05,0.05,0.06,1.21,1.61,1.56,0.04,0.05,0.06,0.03,0.04,0.03,0.43,0.47,0.77,optimal,optimal,optimal,optimal,optimal,optimal,optimal,optimal,optimal,optimal,optimal,optimal,optimal_inaccurate,optimal,optimal,optimal,optimal,optimal,optimal,optimal,optimal,optimal,optimal,optimal,optimal,optimal,optimal
maros_meszaros,QPCBLEND,83.0,157.0,574.0,83.0,0.0,0.0,0.51,0.53,0.44,0.01,0.01,0.0,0.0,0.01,0.0,0.0,0.0,0.0,0.01,1.22,1.63,1.5,0.03,0.04,0.04,0.01,0.01,0.01,0.32,0.33,0.68,optimal,optimal,optimal,optimal,optimal,optimal,optimal,optimal,optimal,optimal,optimal,optimal,optimal,optimal,optimal,optimal,optimal,optimal,optimal,optimal,optimal,optimal,optimal,optimal,optimal,optimal,optimal
maros_meszaros,QPCBOEI1,384.0,735.0,3869.0,384.0,0.01,0.01,0.59,1.1,0.52,0.11,0.07,0.13,0.23,0.28,0.01,0.01,0.11,0.12,0.11,1.32,1.56,1.74,0.06,0.06,0.07,0.1,0.12,0.09,0.64,0.65,0.93,optimal,optimal,optimal,optimal,optimal,optimal,optimal,optimal,optimal,optimal,optimal,optimal,optimal_inaccurate,optimal,optimal,optimal,optimal,optimal,optimal,optimal,optimal,optimal,optimal,optimal,optimal,optimal,optimal
maros_meszaros,QPCBOEI2,143.0,309.0,1339.0,143.0,0.0,0.01,0.52,0.63,0.49,0.01,0.01,7.16,7.4,0.38,0.0,0.0,0.01,0.02,0.02,1.25,1.55,2.41,0.06,0.06,0.07,18.67,19.02,14.27,2.81,31.99,134.16,optimal,optimal,optimal,optimal,optimal,optimal,optimal,optimal,max_iter_reached,primal_infeasible,optimal,optimal,optimal_inaccurate,optimal_inaccurate,optimal,optimal,optimal,optimal,optimal,optimal,optimal,primal_infeasible_inaccurate,primal_infeasible_inaccurate,primal_infeasible_inaccurate,optimal,optimal,optimal_inaccurate
maros_meszaros,QPCSTAIR,467.0,823.0,4323.0,467.0,0.01,0.02,0.41,0.5,0.4,300.0,300.01,0.11,0.12,0.1,0.01,0.01,0.13,0.12,0.13,1.31,1.58,1.63,0.07,0.07,0.09,0.06,0.06,0.05,0.44,0.47,0.75,optimal,optimal,solver_error,solver_error,solver_error,time_limit,time_limit,optimal,optimal,optimal,optimal,optimal,optimal,optimal,optimal,optimal,optimal,optimal,optimal,optimal,optimal,optimal,optimal,optimal,optimal,optimal,optimal
maros_meszaros,QPILOTNO,2172.0,3147.0,15229.0,876.0,3.15,3.97,1.55,1.73,1.47,0.28,0.19,59.04,61.56,92.24,2.96,130.65,30.27,42.04,99.01,1.34,1.82,2.2,0.2,0.31,0.4,0.24,0.27,0.28,0.56,0.68,2.16,optimal,optimal,optimal,optimal,optimal,solver_error,solver_error,optimal,optimal,optimal,optimal,optimal,optimal,optimal,optimal,optimal,optimal,optimal,optimal,optimal,optimal,optimal,optimal,optimal_inaccurate,optimal,optimal,optimal
maros_meszaros,QPTEST,2.0,4.0,6.0,4.0,0.0,0.0,0.39,0.45,0.4,0.0,0.0,0.0,0.0,0.0,0.0,0.0,0.0,0.0,0.0,1.1,1.48,1.47,0.02,0.02,0.02,0.0,0.0,0.0,0.29,0.28,0.46,optimal,optimal,optimal,optimal,optimal,optimal,optimal,optimal,optimal,optimal,optimal,optimal,optimal_inaccurate,optimal_inaccurate,optimal_inaccurate,optimal,optimal,optimal,optimal,optimal,optimal,optimal,optimal,optimal,optimal,optimal,optimal
maros_meszaros,QRECIPE,180.0,271.0,843.0,80.0,0.0,0.0,0.46,0.53,0.61,0.0,0.01,0.0,0.0,0.0,0.0,0.0,0.0,0.0,0.0,1.2,1.57,1.7,0.04,0.04,0.05,0.01,0.01,0.01,0.32,0.36,0.58,optimal,optimal,optimal,optimal,optimal,optimal,optimal,optimal,optimal,optimal,optimal,optimal,primal_infeasible,primal_infeasible,primal_infeasible,optimal,optimal,optimal,optimal,optimal,optimal,optimal,optimal,optimal,optimal,optimal,optimal
maros_meszaros,QSC205,203.0,408.0,754.0,31.0,0.0,0.0,0.46,0.53,0.51,0.01,0.01,0.0,0.01,0.0,0.0,0.0,0.02,0.02,0.02,1.22,1.61,1.66,0.04,0.06,0.06,0.01,0.01,0.01,0.3,0.3,0.56,optimal,optimal,optimal,optimal,optimal,optimal,optimal,optimal,optimal,optimal,optimal,optimal,optimal,optimal,optimal,optimal,optimal,optimal,optimal,optimal,optimal,optimal,optimal,optimal,optimal,optimal,optimal
maros_meszaros,QSCAGR25,500.0,971.0,2054.0,228.0,0.01,0.01,0.51,0.6,0.56,0.08,0.06,0.03,0.13,0.27,0.01,0.01,0.64,0.64,0.63,1.2,1.61,1.61,0.05,0.06,0.07,0.05,0.08,0.06,0.41,0.49,1.25,optimal,optimal,optimal,optimal,optimal,optimal,optimal,optimal,optimal,optimal,optimal,optimal,optimal,optimal,optimal,optimal,optimal,optimal,optimal,optimal,optimal,optimal,optimal,optimal,optimal,optimal,optimal
maros_meszaros,QSCAGR7,140.0,269.0,560.0,42.0,0.0,0.0,0.66,0.55,0.46,0.01,0.01,0.02,0.05,3.36,0.0,0.0,0.06,0.06,0.06,1.21,1.57,1.66,0.04,0.04,0.05,0.01,0.01,0.01,0.31,0.33,0.53,optimal,optimal,optimal,optimal,optimal,optimal,optimal,optimal,optimal,max_iter_reached,optimal,optimal,optimal,optimal,optimal,optimal,optimal,optimal,optimal,optimal,optimal,optimal,optimal,optimal,optimal,optimal,optimal
maros_meszaros,QSCFXM1,457.0,787.0,3046.0,1410.0,0.01,0.02,0.73,0.85,0.7,0.05,0.03,0.48,0.97,1.93,0.01,0.01,0.62,0.6,0.61,1.21,1.5,1.87,0.06,0.07,0.09,0.12,0.14,0.92,0.7,0.76,1.52,optimal,optimal,optimal,optimal,optimal,optimal,optimal,optimal,optimal,optimal,optimal,optimal,optimal_inaccurate,optimal_inaccurate,optimal,optimal,optimal,optimal,optimal,optimal,optimal,optimal,optimal,optimal,optimal,optimal,optimal
maros_meszaros,QSCFXM2,914.0,1574.0,6097.0,2188.0,0.02,0.04,0.91,1.18,1.02,0.18,0.13,1.79,2.08,3.31,0.02,0.02,5.04,5.29,5.35,1.4,1.75,1.79,0.09,0.11,0.14,0.15,0.47,10.2,0.64,3.66,58.08,optimal,optimal,optimal,optimal,optimal,optimal,optimal,optimal,optimal,optimal,optimal,optimal,optimal_inaccurate,optimal_inaccurate,optimal,optimal,optimal,optimal,optimal,optimal,optimal,optimal_inaccurate,optimal,optimal,optimal_inaccurate,optimal,optimal
maros_meszaros,QSCFXM3,1371.0,2361.0,9148.0,2353.0,0.03,0.06,0.92,1.09,0.83,0.25,0.16,1.95,2.06,3.8,0.03,0.03,10.41,11.3,11.82,1.27,1.67,1.86,0.11,0.14,0.18,0.28,0.47,22.11,0.76,1.58,35.79,optimal,optimal,optimal,optimal,optimal,optimal,optimal,optimal,optimal,optimal,optimal,optimal,optimal_inaccurate,optimal_inaccurate,primal_infeasible,optimal,optimal,optimal,optimal,optimal,optimal,optimal_inaccurate,optimal,optimal,optimal_inaccurate,optimal,optimal
maros_meszaros,QSCORPIO,358.0,746.0,1784.0,58.0,0.0,0.01,0.62,0.68,0.55,0.01,0.01,0.02,11.4,9.81,0.0,0.0,0.11,0.12,0.12,1.26,1.53,1.71,0.05,0.05,0.05,0.06,0.07,0.04,0.52,0.51,0.66,optimal,optimal,optimal,optimal,optimal,optimal,optimal,optimal,max_iter_reached,max_iter_reached,optimal,optimal,optimal,optimal,optimal,optimal,optimal,optimal,optimal,optimal,optimal,optimal,optimal,optimal,optimal,optimal,optimal
maros_meszaros,QSCRS8,1169.0,1659.0,4351.0,209.0,0.02,0.03,0.63,0.77,0.71,0.17,0.1,0.43,0.46,4.25,0.01,0.01,4.79,5.76,5.69,1.32,1.61,1.89,0.08,0.11,0.15,0.07,0.08,0.06,0.42,0.44,0.77,optimal,optimal,optimal,optimal,optimal,optimal,optimal,optimal,optimal,optimal,optimal,optimal,optimal_inaccurate,optimal_inaccurate,optimal,optimal,optimal,optimal,optimal,optimal,optimal,optimal,optimal,optimal,optimal,optimal,optimal
maros_meszaros,QSCSD1,760.0,837.0,3148.0,1436.0,0.01,0.01,0.44,0.49,0.45,0.42,0.27,0.02,0.03,0.03,0.01,0.01,0.53,0.58,0.54,1.21,1.6,1.54,0.05,0.05,0.06,0.03,0.04,0.02,0.33,0.35,0.58,optimal,optimal,optimal,optimal,optimal,optimal,optimal,optimal,optimal,optimal,optimal,optimal,optimal,optimal,optimal,optimal,optimal,optimal,optimal,optimal,optimal,optimal,optimal,optimal,optimal,optimal,optimal
maros_meszaros,QSCSD6,1350.0,1497.0,5666.0,2712.0,0.01,0.02,0.53,0.6,0.61,1.81,1.1,0.17,0.44,0.45,0.01,0.01,2.97,4.21,4.72,1.25,1.63,1.68,0.08,0.08,0.09,0.08,0.1,0.07,0.44,0.44,0.78,optimal,optimal,optimal,optimal,optimal,optimal,optimal,optimal,optimal,optimal,optimal,optimal,optimal,optimal,optimal,optimal,optimal,optimal,optimal,optimal,optimal,optimal,optimal,optimal,optimal,optimal,optimal
maros_meszaros,QSCSD8,2750.0,3147.0,11334.0,4880.0,0.02,0.03,0.49,0.58,0.48,9.86,6.1,0.07,0.09,0.1,0.02,0.02,26.32,30.1,31.3,1.36,1.52,1.65,0.14,0.12,0.14,0.11,0.13,0.08,0.4,0.42,0.71,optimal,optimal,optimal,optimal,optimal,solver_error,solver_error,optimal,optimal,optimal,optimal,optimal,optimal,optimal,optimal,optimal,optimal,optimal,optimal,optimal,optimal,optimal,optimal,optimal,optimal,optimal,optimal
maros_meszaros,QSCTAP1,480.0,780.0,2172.0,270.0,0.01,0.01,0.65,0.55,0.64,0.02,0.06,1.87,14.64,12.88,0.01,0.01,0.49,0.49,0.51,1.27,1.65,1.73,0.06,0.07,0.08,0.06,0.07,0.05,0.5,0.51,0.8,optimal,optimal,optimal,optimal,optimal,optimal,solver_error,optimal,max_iter_reached,max_iter_reached,optimal,optimal,optimal_inaccurate,optimal,optimal,optimal,optimal,optimal,optimal,optimal,optimal,optimal,optimal,optimal,optimal,optimal,optimal
maros_meszaros,QSCTAP2,1880.0,2970.0,8594.0,1413.0,0.02,0.03,0.51,0.63,0.5,28.13,12.42,0.24,0.62,59.69,0.02,0.02,8.36,9.4,10.6,1.34,1.73,1.74,0.13,0.12,0.14,0.12,0.14,0.09,0.47,0.48,0.74,optimal,optimal,optimal,optimal,optimal,solver_error,solver_error,optimal,optimal,max_iter_reached,optimal,optimal,optimal,optimal,optimal,optimal,optimal,optimal,optimal,optimal,optimal,optimal,optimal,optimal,optimal,optimal,optimal
maros_meszaros,QSCTAP3,2480.0,3960.0,11354.0,1908.0,0.03,0.04,0.52,0.59,0.53,1.57,0.8,0.13,2.88,79.6,0.03,0.03,19.68,24.35,25.75,1.4,1.64,1.84,0.16,0.15,0.16,0.15,0.16,0.11,0.45,0.47,0.85,optimal,optimal,optimal,optimal,optimal,solver_error,solver_error,optimal,optimal,max_iter_reached,optimal,optimal,optimal,optimal,optimal,optimal,optimal,optimal,optimal,optimal,optimal,optimal,optimal,optimal,optimal,optimal,optimal
maros_meszaros,QSEBA,1028.0,1543.0,5380.0,1196.0,0.01,0.03,0.86,0.99,0.9,0.03,0.03,0.39,3.25,5.19,0.01,0.01,1.77,1.83,1.83,1.35,1.65,1.99,0.13,0.14,0.18,0.23,0.26,0.17,0.64,0.68,1.02,optimal,optimal,optimal,optimal,optimal,optimal,optimal,optimal,optimal,optimal,optimal,optimal,optimal_inaccurate,optimal,optimal,optimal,optimal,optimal,optimal,optimal,optimal,optimal,optimal,optimal,optimal,optimal,optimal
maros_meszaros,QSHARE1B,225.0,342.0,1376.0,60.0,0.0,0.01,0.47,0.54,0.5,0.01,0.01,0.34,0.37,3.13,0.0,0.0,0.08,0.1,0.13,1.23,1.65,1.79,0.05,0.06,0.08,0.02,0.03,0.02,0.37,0.4,0.73,optimal,optimal,optimal,optimal,optimal,solver_error,solver_error,optimal,optimal,optimal,optimal,optimal,optimal_inaccurate,optimal_inaccurate,optimal_inaccurate,optimal,optimal,optimal,optimal,optimal,optimal,optimal,optimal,optimal,optimal,optimal,optimal
maros_meszaros,QSHARE2B,79.0,175.0,773.0,100.0,0.0,0.0,0.52,0.58,0.63,0.01,0.01,0.14,1.33,3.55,0.0,0.0,0.01,0.01,0.01,1.19,1.6,1.7,0.04,0.04,0.05,0.02,0.03,0.02,0.47,0.56,0.72,optimal,optimal,optimal,optimal,optimal,optimal,optimal,optimal,optimal,max_iter_reached,optimal,optimal,optimal,optimal,optimal,optimal,optimal,optimal,optimal,optimal,optimal,optimal,optimal,optimal,optimal,optimal,optimal
maros_meszaros,QSHELL,1775.0,2311.0,5331.0,69175.0,0.32,0.45,2.37,2.58,2.25,0.21,0.13,0.26,0.61,0.7,0.13,0.14,32.23,36.16,38.04,1.36,1.66,2.11,0.22,0.23,0.34,0.9,0.99,0.79,2.46,2.98,3.2,optimal,optimal,optimal,optimal,optimal,optimal,optimal,optimal,optimal,optimal,optimal,optimal,optimal,optimal,optimal,optimal,optimal,optimal,optimal,optimal,optimal,optimal,optimal,optimal,optimal,optimal,optimal
maros_meszaros,QSHIP04L,2118.0,2520.0,8450.0,98.0,0.02,0.03,0.62,1.04,0.75,0.16,0.11,0.02,0.19,0.22,0.01,0.01,17.5,23.85,26.49,1.35,1.55,1.7,0.11,0.12,0.13,0.11,0.12,0.08,0.4,0.4,0.63,optimal,optimal,optimal,optimal,optimal,optimal,optimal,optimal,optimal,optimal,optimal,optimal,optimal,optimal,optimal,optimal,optimal,optimal,optimal,optimal,optimal,optimal,optimal,optimal,optimal,optimal,optimal
maros_meszaros,QSHIP04S,1458.0,1860.0,5810.0,98.0,0.01,0.02,0.5,0.52,0.49,0.09,0.06,0.03,0.07,0.07,0.01,0.01,6.91,6.92,6.63,1.22,1.56,1.71,0.09,0.09,0.11,0.08,0.1,0.06,0.38,0.38,0.55,optimal,optimal,optimal,optimal,optimal,optimal,optimal,optimal,optimal,optimal,optimal,optimal,optimal,optimal,optimal,optimal,optimal,optimal,optimal,optimal,optimal,optimal,optimal,optimal,optimal,optimal,optimal
maros_meszaros,QSHIP08L,4283.0,5061.0,17085.0,68990.0,1.14,1.43,0.8,0.88,0.78,0.52,0.34,0.13,2.24,2.46,0.19,0.19,390.0,390.0,390.0,1.42,1.96,2.0,0.34,0.37,0.46,0.67,0.68,0.5,1.41,1.41,1.67,optimal,optimal,optimal,optimal,optimal,optimal,optimal,optimal,optimal,optimal,optimal,optimal,time_limit,time_limit,time_limit,optimal,optimal,optimal,optimal,optimal,optimal,optimal,optimal,optimal,optimal,optimal,optimal
maros_meszaros,QSHIP08S,2387.0,3165.0,9501.0,22816.0,0.05,0.07,0.66,0.77,0.62,0.27,0.18,0.07,0.34,0.42,0.04,0.04,21.74,25.56,29.73,1.28,1.92,1.85,0.17,0.16,0.19,0.19,0.2,0.15,0.62,0.61,0.86,optimal,optimal,optimal,optimal,optimal,optimal,optimal,optimal,optimal,optimal,optimal,optimal,optimal,optimal,optimal,optimal,optimal,optimal,optimal,optimal,optimal,optimal,optimal,optimal,optimal,optimal,optimal
maros_meszaros,QSHIP12L,5427.0,6578.0,21597.0,122433.0,1.55,2.01,0.77,0.95,0.85,0.76,0.5,0.71,1.03,1.37,0.33,0.33,390.0,390.0,390.0,1.59,1.93,2.17,0.53,0.6,0.7,0.81,0.85,0.64,1.48,1.23,1.91,optimal,optimal,optimal,optimal,optimal,optimal,optimal,optimal,optimal,optimal,optimal,optimal,time_limit,time_limit,time_limit,optimal,optimal,optimal,optimal,optimal,optimal,optimal,optimal,optimal,optimal,optimal,optimal
maros_meszaros,QSHIP12S,2763.0,3914.0,10941.0,33764.0,0.05,0.08,0.7,0.79,0.91,0.35,0.22,0.18,0.23,0.25,0.04,0.04,36.97,43.49,45.75,1.28,1.76,1.93,0.2,0.21,0.24,0.23,0.29,0.18,0.57,0.59,0.84,optimal,optimal,optimal,optimal,optimal,optimal,optimal,optimal,optimal,optimal,optimal,optimal,optimal,optimal,optimal,optimal,optimal,optimal,optimal,optimal,optimal,optimal,optimal,optimal,optimal,optimal,optimal
maros_meszaros,QSIERRA,2036.0,3263.0,9338.0,244.0,0.04,0.07,1.2,1.37,1.09,300.0,300.01,0.49,0.58,0.77,0.02,0.02,4.9,4.94,5.09,1.6,1.79,1.92,0.19,0.19,0.21,0.08,0.1,0.07,0.38,0.41,0.65,optimal,optimal,optimal,optimal,optimal,time_limit,time_limit,optimal,optimal,optimal,optimal,optimal,primal_infeasible,primal_infeasible,primal_infeasible,optimal,optimal,optimal,optimal,optimal,optimal,optimal,optimal,optimal,optimal,optimal,optimal
maros_meszaros,QSTAIR,467.0,823.0,4323.0,1970.0,0.03,0.04,0.4,0.45,0.39,0.07,300.01,1.77,2.64,3.0,0.01,0.01,0.87,0.83,0.83,1.26,1.67,1.76,0.07,0.07,0.08,0.07,0.12,0.07,0.52,0.87,1.1,optimal,optimal,solver_error,solver_error,solver_error,optimal,time_limit,optimal,optimal,optimal,optimal,optimal,optimal,optimal,optimal,optimal,optimal,optimal,optimal,optimal,optimal,optimal,optimal,optimal,optimal,optimal,optimal
maros_meszaros,QSTANDAT,1075.0,1434.0,4106.0,1470.0,0.01,0.02,0.52,0.63,0.67,0.05,0.04,0.12,0.17,0.2,0.01,0.01,2.64,2.56,2.96,1.46,1.71,1.86,0.08,0.08,0.08,0.06,0.08,0.05,0.39,0.43,0.62,optimal,optimal,optimal,optimal,optimal,optimal,optimal,optimal,optimal,optimal,optimal,optimal,optimal_inaccurate,optimal,optimal,optimal,optimal,optimal,optimal,optimal,optimal,optimal,optimal,optimal,optimal,optimal,optimal
maros_meszaros,S268,5.0,10.0,30.0,25.0,0.0,0.0,0.38,0.46,0.38,0.0,0.0,0.0,0.0,0.0,0.0,0.0,0.0,0.0,0.0,1.14,1.38,1.5,0.02,0.02,0.02,0.0,0.01,0.0,0.28,0.29,0.47,optimal,optimal,solver_error,solver_error,solver_error,optimal,optimal,optimal,optimal,optimal,optimal,optimal,optimal,optimal,optimal,optimal,optimal,optimal,optimal,optimal,optimal,optimal,optimal,optimal,optimal,optimal,optimal
maros_meszaros,STADAT1,2001.0,6000.0,11998.0,2000.0,0.03,0.04,0.44,0.51,0.56,7.51,5.04,97.45,102.71,86.17,0.05,0.04,35.7,34.13,34.2,1.46,1.74,2.03,0.24,0.25,0.28,0.11,0.12,0.08,0.39,0.4,0.61,optimal,optimal,solver_error,solver_error,solver_error,optimal_inaccurate,optimal_inaccurate,optimal,max_iter_reached,max_iter_reached,optimal,optimal,primal_infeasible,primal_infeasible,primal_infeasible,optimal,optimal,optimal,optimal,optimal,optimal,dual_infeasible,dual_infeasible,dual_infeasible,dual_infeasible,dual_infeasible,dual_infeasible
maros_meszaros,STADAT2,2001.0,6000.0,11998.0,2000.0,0.07,0.1,0.42,0.58,0.43,7.94,5.17,98.91,99.75,86.06,0.02,0.02,390.0,390.0,390.0,1.48,1.79,2.08,0.21,0.23,0.26,1.52,1.72,1.33,1.3,2.33,2.05,optimal,optimal,solver_error,solver_error,solver_error,optimal,optimal,max_iter_reached,max_iter_reached,max_iter_reached,optimal,optimal,time_limit,time_limit,time_limit,optimal,optimal,optimal,optimal,optimal,optimal,optimal,optimal,optimal,optimal,optimal,optimal
maros_meszaros,STADAT3,4001.0,12000.0,23998.0,4000.0,0.18,0.23,0.45,0.51,0.56,0.09,0.08,197.03,202.16,172.78,0.04,0.04,390.0,390.0,390.0,3.65,2.2,2.49,0.46,0.48,0.67,13.61,14.18,10.94,11.56,9.65,21.85,optimal,optimal,solver_error,solver_error,solver_error,solver_error,solver_error,max_iter_reached,max_iter_reached,max_iter_reached,optimal,optimal,time_limit,time_limit,time_limit,optimal,optimal,optimal,optimal,optimal,optimal,optimal,optimal,optimal,optimal,optimal,optimal
maros_meszaros,STCQP1,4097.0,6149.0,17435.0,49109.0,0.36,0.49,0.94,1.05,0.89,63.96,118.84,0.05,0.05,0.04,0.08,0.09,4.75,5.16,5.17,1.45,1.62,1.77,0.25,0.26,0.29,0.17,0.21,0.14,0.44,0.47,0.9,optimal,optimal,optimal,optimal,optimal,optimal,optimal,optimal,optimal,optimal,optimal,optimal,optimal,optimal,optimal,optimal,optimal,optimal,optimal,optimal,optimal,optimal,optimal,optimal,optimal,optimal,optimal
maros_meszaros,STCQP2,4097.0,6149.0,17435.0,49109.0,0.6,0.82,0.89,0.96,0.87,11.79,20.16,0.08,0.08,0.07,0.19,0.18,0.48,0.47,0.48,1.38,1.8,1.72,0.29,0.28,0.31,0.17,0.18,0.13,0.43,0.44,0.72,optimal,optimal,optimal,optimal,optimal,optimal,optimal,optimal,optimal,optimal,optimal,optimal,optimal,optimal,optimal,optimal,optimal,optimal,optimal,optimal,optimal,optimal,optimal,optimal,optimal,optimal,optimal
maros_meszaros,TAME,2.0,3.0,4.0,4.0,0.0,0.0,0.4,0.53,0.4,0.0,0.0,0.0,0.0,0.0,0.0,0.0,0.0,0.0,0.0,1.38,1.38,1.68,0.02,0.02,0.02,0.0,0.0,0.0,0.29,0.29,0.54,optimal,optimal,optimal,optimal,optimal,optimal,optimal,optimal,optimal,optimal,optimal,optimal,optimal,optimal,optimal,optimal,optimal,optimal,optimal,optimal,optimal,optimal,optimal,optimal,optimal,optimal,optimal
maros_meszaros,UBH1,18009.0,30009.0,66009.0,6003.0,0.19,0.19,0.52,0.6,0.48,162.35,140.04,8.39,11.16,10.61,0.11,0.1,217.26,390.0,390.0,3.49,2.65,2.81,1.49,1.38,1.54,1.42,1.74,1.54,0.95,1.19,2.29,optimal,optimal,solver_error,solver_error,solver_error,solver_error,solver_error,optimal,optimal,optimal,optimal,optimal,optimal_inaccurate,time_limit,time_limit,optimal,optimal,optimal,optimal,optimal,optimal,optimal,optimal,optimal,optimal,optimal,optimal
maros_meszaros,VALUES,202.0,203.0,404.0,7442.0,0.01,0.01,0.43,0.53,0.45,0.01,0.01,0.01,0.01,0.01,0.0,0.0,0.04,0.04,0.04,1.15,1.59,1.69,0.04,0.04,0.04,0.01,0.02,0.01,0.32,0.32,0.56,optimal,optimal,optimal,optimal,optimal,optimal,optimal,optimal,optimal,optimal,optimal,optimal,optimal,optimal,optimal,optimal,optimal,optimal,optimal,optimal,optimal,optimal,optimal,optimal,optimal,optimal,optimal
maros_meszaros,YAO,2002.0,4002.0,8002.0,2002.0,0.05,0.05,0.44,0.55,0.43,0.07,0.06,73.01,51.55,43.69,0.05,0.05,0.6,1.08,9.94,1.5,1.84,2.14,0.19,0.18,0.18,4.18,43.29,141.58,4.26,48.66,278.76,optimal,optimal,solver_error,solver_error,solver_error,optimal,optimal,max_iter_reached,primal_infeasible,primal_infeasible,optimal,optimal,optimal_inaccurate,optimal_inaccurate,optimal_inaccurate,optimal,optimal,optimal,optimal,optimal,optimal,optimal,optimal,optimal,optimal,optimal,optimal
maros_meszaros,ZECEVIC2,2.0,4.0,6.0,1.0,0.0,0.0,0.54,0.59,0.42,0.0,0.0,0.0,0.0,0.0,0.0,0.0,0.0,0.0,0.0,1.14,1.53,1.59,0.02,0.02,0.02,0.0,0.0,0.0,0.3,0.27,0.51,optimal,optimal,optimal,optimal,optimal,optimal,optimal,optimal,optimal,optimal,optimal,optimal,optimal_inaccurate,optimal_inaccurate,optimal_inaccurate,optimal,optimal,optimal,optimal,optimal,optimal,optimal,optimal,optimal,optimal,optimal,optimal
mpc,LIPMWALK0,16.0,32.0,240.0,256.0,0.0,0.0,0.42,,0.51,0.01,0.01,0.0,,0.0,0.0,0.0,0.0,,0.0,,,,,,,0.16,,0.18,10.11,,0.45,optimal,optimal,optimal,,optimal,optimal,optimal,optimal,,optimal,optimal,optimal,optimal_inaccurate,,optimal_inaccurate,,,,,,,optimal,,optimal,optimal,,optimal
mpc,LIPMWALK1,16.0,32.0,240.0,256.0,0.0,0.0,0.42,,0.42,0.01,0.01,0.0,,0.0,0.0,0.0,0.0,,0.0,,,,,,,0.0,,0.01,0.66,,0.29,optimal,optimal,optimal,,optimal,optimal,optimal,optimal,,optimal,optimal,optimal,optimal,,optimal,,,,,,,optimal,,optimal,optimal,,optimal
mpc,LIPMWALK10,16.0,32.0,240.0,256.0,0.0,0.0,0.42,,0.44,0.01,0.01,0.0,,0.0,0.0,0.0,0.0,,0.0,,,,,,,0.0,,0.01,0.4,,0.3,optimal,optimal,optimal,,optimal,optimal,optimal,optimal,,optimal,optimal,optimal,optimal_inaccurate,,optimal_inaccurate,,,,,,,optimal,,optimal,optimal,,optimal
mpc,LIPMWALK11,16.0,32.0,240.0,256.0,0.0,0.0,0.41,,0.45,0.01,0.01,0.0,,0.0,0.0,0.0,0.0,,0.0,,,,,,,0.0,,0.0,0.39,,0.39,optimal,optimal,optimal,,optimal,optimal,optimal,optimal,,optimal,optimal,optimal,optimal,,optimal,,,,,,,optimal,,optimal,optimal,,optimal
mpc,LIPMWALK12,16.0,32.0,240.0,256.0,0.0,0.0,0.55,,0.56,0.01,0.01,0.0,,0.0,0.0,0.0,0.0,,0.0,,,,,,,0.0,,0.0,0.46,,0.27,optimal,optimal,optimal,,optimal,optimal,optimal,optimal,,optimal,optimal,optimal,optimal_inaccurate,,optimal_inaccurate,,,,,,,optimal,,optimal,optimal,,optimal
mpc,LIPMWALK13,16.0,32.0,240.0,256.0,0.0,0.0,0.41,,0.4,0.01,0.01,0.0,,0.0,0.0,0.0,0.0,,0.0,,,,,,,0.0,,0.01,0.51,,0.28,optimal,optimal,optimal,,optimal,optimal,optimal,optimal,,optimal,optimal,optimal,optimal,,optimal,,,,,,,optimal,,optimal,optimal,,optimal
mpc,LIPMWALK14,16.0,32.0,240.0,256.0,0.0,0.0,0.58,,0.58,0.01,0.01,0.0,,0.0,0.0,0.0,0.0,,0.0,,,,,,,0.0,,0.0,0.48,,0.27,optimal,optimal,optimal,,optimal,optimal,optimal,optimal,,optimal,optimal,optimal,optimal,,optimal,,,,,,,optimal,,optimal,optimal,,optimal
mpc,LIPMWALK15,16.0,32.0,240.0,256.0,0.0,0.0,0.47,,0.45,0.01,0.01,0.0,,0.0,0.0,0.0,0.0,,0.0,,,,,,,0.0,,0.01,0.38,,0.29,optimal,optimal,optimal,,optimal,optimal,optimal,optimal,,optimal,optimal,optimal,optimal,,optimal,,,,,,,optimal,,optimal,optimal,,optimal
mpc,LIPMWALK16,16.0,32.0,240.0,256.0,0.0,0.0,0.54,,0.45,0.01,0.0,0.0,,0.0,0.0,0.0,0.0,,0.0,,,,,,,0.0,,0.01,0.38,,0.28,optimal,optimal,optimal,,optimal,optimal,optimal,optimal,,optimal,optimal,optimal,optimal,,optimal,,,,,,,optimal,,optimal,optimal,,optimal
mpc,LIPMWALK17,16.0,32.0,240.0,256.0,0.0,0.0,0.45,,0.42,0.01,0.01,0.0,,0.0,0.0,0.0,0.0,,0.0,,,,,,,0.0,,0.01,0.41,,0.29,optimal,optimal,optimal,,optimal,optimal,optimal,optimal,,optimal,optimal,optimal,optimal_inaccurate,,optimal,,,,,,,optimal,,optimal,optimal,,optimal
mpc,LIPMWALK18,16.0,32.0,240.0,256.0,0.0,0.0,0.44,,0.44,0.01,0.01,0.0,,0.0,0.0,0.0,0.0,,0.0,,,,,,,0.0,,0.01,0.4,,0.31,optimal,optimal,optimal,,optimal,optimal,optimal,optimal,,optimal,optimal,optimal,optimal_inaccurate,,optimal_inaccurate,,,,,,,optimal,,optimal,optimal,,optimal
mpc,LIPMWALK19,16.0,32.0,240.0,256.0,0.0,0.0,0.48,,0.47,0.01,0.01,0.0,,0.0,0.0,0.0,0.0,,0.0,,,,,,,0.01,,0.0,0.46,,0.3,optimal,optimal,optimal,,optimal,optimal,optimal,optimal,,optimal,optimal,optimal,optimal,,optimal,,,,,,,optimal,,optimal,optimal,,optimal
mpc,LIPMWALK2,16.0,32.0,240.0,256.0,0.0,0.0,0.42,,0.42,0.01,0.01,0.0,,0.0,0.0,0.0,0.0,,0.0,,,,,,,0.0,,0.01,0.46,,0.3,optimal,optimal,optimal,,optimal,optimal,optimal,optimal,,optimal,optimal,optimal,optimal_inaccurate,,optimal,,,,,,,optimal,,optimal,optimal,,optimal
mpc,LIPMWALK20,16.0,32.0,240.0,256.0,0.0,0.0,0.44,,0.49,0.01,0.01,0.0,,0.0,0.0,0.0,0.0,,0.0,,,,,,,0.0,,0.01,0.43,,0.29,optimal,optimal,optimal,,optimal,optimal,optimal,optimal,,optimal,optimal,optimal,optimal_inaccurate,,optimal_inaccurate,,,,,,,optimal,,optimal,optimal,,optimal
mpc,LIPMWALK21,16.0,32.0,240.0,256.0,0.0,0.0,0.43,,0.4,0.01,0.01,0.0,,0.0,0.0,0.0,0.0,,0.0,,,,,,,0.0,,0.0,0.52,,0.28,optimal,optimal,optimal,,optimal,optimal,optimal,optimal,,optimal,optimal,optimal,optimal,,optimal,,,,,,,optimal,,optimal,optimal,,optimal
mpc,LIPMWALK22,16.0,32.0,240.0,256.0,0.0,0.0,0.46,,0.39,0.01,0.01,0.0,,0.0,0.0,0.0,0.0,,0.0,,,,,,,0.0,,0.01,0.4,,0.28,optimal,optimal,optimal,,optimal,optimal,optimal,optimal,,optimal,optimal,optimal,optimal,,optimal,,,,,,,optimal,,optimal,optimal,,optimal
mpc,LIPMWALK23,16.0,32.0,240.0,256.0,0.0,0.0,0.44,,0.55,0.01,0.01,0.0,,0.0,0.0,0.0,0.0,,0.0,,,,,,,0.0,,0.01,0.4,,0.28,optimal,optimal,optimal,,optimal,optimal,optimal,optimal,,optimal,optimal,optimal,optimal,,optimal,,,,,,,optimal,,optimal,optimal,,optimal
mpc,LIPMWALK24,16.0,32.0,240.0,256.0,0.0,0.0,0.52,,0.42,0.01,0.01,0.0,,0.0,0.0,0.0,0.0,,0.0,,,,,,,0.0,,0.0,0.4,,0.29,optimal,optimal,optimal,,optimal,optimal,optimal,optimal,,optimal,optimal,optimal,optimal,,optimal,,,,,,,optimal,,optimal,optimal,,optimal
mpc,LIPMWALK25,16.0,32.0,240.0,256.0,0.0,0.0,0.44,,0.42,0.01,0.01,0.0,,0.0,0.0,0.0,0.0,,0.0,,,,,,,0.0,,0.0,0.44,,0.29,optimal,optimal,optimal,,optimal,optimal,optimal,optimal,,optimal,optimal,optimal,optimal_inaccurate,,optimal,,,,,,,optimal,,optimal,optimal,,optimal
mpc,LIPMWALK26,16.0,32.0,240.0,256.0,0.0,0.0,0.5,,0.42,0.01,0.0,0.0,,0.0,0.0,0.0,0.0,,0.0,,,,,,,0.0,,0.01,0.42,,0.29,optimal,optimal,optimal,,optimal,optimal,optimal,optimal,,optimal,optimal,optimal,optimal_inaccurate,,optimal,,,,,,,optimal,,optimal,optimal,,optimal
mpc,LIPMWALK27,16.0,32.0,240.0,256.0,0.0,0.0,0.45,,0.42,0.01,0.01,0.0,,0.0,0.0,0.0,0.0,,0.0,,,,,,,0.0,,0.0,0.48,,0.29,optimal,optimal,optimal,,optimal,optimal,optimal,optimal,,optimal,optimal,optimal,optimal,,optimal,,,,,,,optimal,,optimal,optimal,,optimal
mpc,LIPMWALK28,16.0,32.0,240.0,256.0,0.0,0.0,0.51,,0.53,0.01,0.0,0.0,,0.0,0.0,0.0,0.0,,0.0,,,,,,,0.0,,0.0,0.42,,0.28,optimal,optimal,optimal,,optimal,optimal,optimal,optimal,,optimal,optimal,optimal,optimal_inaccurate,,optimal_inaccurate,,,,,,,optimal,,optimal,optimal,,optimal
mpc,LIPMWALK29,16.0,32.0,240.0,256.0,0.0,0.0,0.41,,0.42,0.01,0.01,0.0,,0.0,0.0,0.0,0.0,,0.0,,,,,,,0.0,,0.0,0.39,,0.29,optimal,optimal,optimal,,optimal,optimal,optimal,optimal,,optimal,optimal,optimal,optimal,,optimal,,,,,,,optimal,,optimal,optimal,,optimal
mpc,LIPMWALK3,16.0,32.0,240.0,256.0,0.0,0.0,0.43,,0.4,0.01,0.01,0.0,,0.0,0.0,0.0,0.0,,0.0,,,,,,,0.0,,0.01,0.46,,0.28,optimal,optimal,optimal,,optimal,optimal,optimal,optimal,,optimal,optimal,optimal,optimal_inaccurate,,optimal,,,,,,,optimal,,optimal,optimal,,optimal
mpc,LIPMWALK4,16.0,32.0,240.0,256.0,0.0,0.0,0.43,,0.4,0.01,0.01,0.0,,0.0,0.0,0.0,0.0,,0.0,,,,,,,0.0,,0.0,0.4,,0.28,optimal,optimal,optimal,,optimal,optimal,optimal,optimal,,optimal,optimal,optimal,primal_infeasible,,primal_infeasible,,,,,,,optimal,,optimal,optimal,,optimal
mpc,LIPMWALK5,16.0,32.0,240.0,256.0,0.0,0.0,0.44,,0.42,0.01,0.01,0.0,,0.0,0.0,0.0,0.0,,0.0,,,,,,,0.0,,0.0,0.44,,0.27,optimal,optimal,optimal,,optimal,optimal,optimal,optimal,,optimal,optimal,optimal,optimal,,optimal,,,,,,,optimal,,optimal,optimal,,optimal
mpc,LIPMWALK6,16.0,32.0,240.0,256.0,0.0,0.0,0.4,,0.58,0.01,0.01,0.0,,0.0,0.0,0.0,0.0,,0.0,,,,,,,0.0,,0.0,0.49,,0.3,optimal,optimal,optimal,,optimal,optimal,optimal,optimal,,optimal,optimal,optimal,optimal,,optimal,,,,,,,optimal,,optimal,optimal,,optimal
mpc,LIPMWALK7,16.0,32.0,240.0,256.0,0.0,0.0,0.51,,0.45,0.01,0.01,0.0,,0.0,0.0,0.0,0.0,,0.0,,,,,,,0.0,,0.0,0.4,,0.28,optimal,optimal,optimal,,optimal,optimal,optimal,optimal,,optimal,optimal,optimal,optimal,,optimal,,,,,,,optimal,,optimal,optimal,,optimal
mpc,LIPMWALK8,16.0,32.0,240.0,256.0,0.0,0.0,0.43,,0.55,0.01,0.01,0.0,,0.0,0.0,0.0,0.0,,0.0,,,,,,,0.0,,0.01,0.4,,0.29,optimal,optimal,optimal,,optimal,optimal,optimal,optimal,,optimal,optimal,optimal,optimal_inaccurate,,optimal,,,,,,,optimal,,optimal,optimal,,optimal
mpc,LIPMWALK9,16.0,32.0,240.0,256.0,0.0,0.0,0.6,,0.43,0.01,0.01,0.0,,0.0,0.0,0.0,0.0,,0.0,,,,,,,0.0,,0.0,0.49,,0.28,optimal,optimal,optimal,,optimal,optimal,optimal,optimal,,optimal,optimal,optimal,optimal_inaccurate,,optimal,,,,,,,optimal,,optimal,optimal,,optimal
mpc,QUADCMPC1,768.0,1664.0,4270.0,320.0,0.01,0.01,0.4,,0.41,0.07,0.09,0.03,,0.47,0.0,0.0,0.08,,0.09,,,,,,,0.02,,0.04,0.49,,0.37,optimal,optimal,solver_error,,solver_error,optimal_inaccurate,optimal_inaccurate,optimal,,optimal,optimal,optimal,optimal,,optimal,,,,,,,optimal,,optimal,optimal,,optimal
mpc,QUADCMPC2,576.0,1248.0,3198.0,240.0,0.0,0.01,0.41,,0.55,0.04,0.05,0.01,,0.15,0.0,0.0,0.03,,0.03,,,,,,,0.02,,0.03,0.45,,0.35,optimal,optimal,solver_error,,solver_error,optimal_inaccurate,optimal,optimal,,optimal,optimal,optimal,optimal,,optimal,,,,,,,optimal,,optimal,optimal,,optimal
mpc,QUADCMPC3,384.0,832.0,2126.0,160.0,0.0,0.0,0.42,,0.37,0.02,0.03,0.0,,0.01,0.0,0.0,0.01,,0.01,,,,,,,0.01,,0.02,0.46,,0.33,optimal,optimal,solver_error,,solver_error,optimal_inaccurate,solver_error,optimal,,optimal,optimal,optimal,optimal_inaccurate,,optimal,,,,,,,optimal,,optimal,optimal,,optimal
mpc,QUADCMPC4,384.0,832.0,2126.0,160.0,0.0,0.0,0.43,,0.62,0.02,0.02,0.0,,0.03,0.0,0.0,0.01,,0.01,,,,,,,0.01,,0.02,0.68,,0.33,optimal,optimal,solver_error,,solver_error,optimal_inaccurate,solver_error,optimal,,optimal,optimal,optimal,optimal_inaccurate,,optimal,,,,,,,optimal,,optimal,optimal,,optimal
mpc,WHLIPBAL0,50.0,100.0,100.0,2500.0,0.0,0.0,0.5,,0.4,0.01,0.01,0.0,,0.0,0.0,0.0,0.0,,0.0,,,,,,,0.01,,0.01,0.43,,0.29,optimal,optimal,optimal,,optimal,optimal,optimal,optimal,,optimal,optimal,optimal,optimal,,optimal,,,,,,,optimal,,optimal,optimal,,optimal
mpc,WHLIPBAL1,50.0,100.0,100.0,2500.0,0.0,0.0,0.43,,0.42,0.01,0.01,0.0,,0.0,0.0,0.0,0.0,,0.0,,,,,,,0.01,,0.01,0.46,,0.4,optimal,optimal,optimal,,optimal,optimal,optimal,optimal,,optimal,optimal,optimal,optimal,,optimal,,,,,,,optimal,,optimal,optimal,,optimal
mpc,WHLIPBAL10,50.0,100.0,100.0,2500.0,0.0,0.0,0.42,,0.4,0.01,0.01,0.0,,0.0,0.0,0.0,0.0,,0.0,,,,,,,0.01,,0.01,0.44,,0.29,optimal,optimal,optimal,,optimal,optimal,optimal,optimal,,optimal,optimal,optimal,optimal,,optimal,,,,,,,optimal,,optimal,optimal,,optimal
mpc,WHLIPBAL11,50.0,100.0,100.0,2500.0,0.0,0.0,0.47,,0.38,0.01,0.01,0.0,,0.0,0.0,0.0,0.0,,0.0,,,,,,,0.01,,0.01,0.41,,0.29,optimal,optimal,optimal,,optimal,optimal,optimal,optimal,,optimal,optimal,optimal,optimal,,optimal,,,,,,,optimal,,optimal,optimal,,optimal
mpc,WHLIPBAL12,50.0,100.0,100.0,2500.0,0.0,0.0,0.45,,0.51,0.01,0.01,0.0,,0.0,0.0,0.0,0.0,,0.0,,,,,,,0.01,,0.01,0.4,,0.38,optimal,optimal,optimal,,optimal,optimal,optimal,optimal,,optimal,optimal,optimal,optimal,,optimal,,,,,,,optimal,,optimal,optimal,,optimal
mpc,WHLIPBAL13,50.0,100.0,100.0,2500.0,0.0,0.0,0.51,,0.47,0.01,0.01,0.0,,0.0,0.0,0.0,0.0,,0.0,,,,,,,0.01,,0.01,0.41,,0.29,optimal,optimal,optimal,,optimal,optimal,optimal,optimal,,optimal,optimal,optimal,optimal,,optimal,,,,,,,optimal,,optimal,optimal,,optimal
mpc,WHLIPBAL14,50.0,100.0,100.0,2500.0,0.0,0.0,0.42,,0.4,0.01,0.01,0.0,,0.0,0.0,0.0,0.0,,0.0,,,,,,,0.01,,0.01,0.41,,0.29,optimal,optimal,optimal,,optimal,optimal,optimal,optimal,,optimal,optimal,optimal,optimal,,optimal,,,,,,,optimal,,optimal,optimal,,optimal
mpc,WHLIPBAL15,50.0,100.0,100.0,2500.0,0.0,0.0,0.42,,0.4,0.01,0.01,0.0,,0.0,0.0,0.0,0.0,,0.0,,,,,,,0.01,,0.01,0.48,,0.28,optimal,optimal,optimal,,optimal,optimal,optimal,optimal,,optimal,optimal,optimal,optimal,,optimal,,,,,,,optimal,,optimal,optimal,,optimal
mpc,WHLIPBAL16,50.0,100.0,100.0,2500.0,0.0,0.0,0.39,,0.41,0.01,0.01,0.0,,0.0,0.0,0.0,0.0,,0.0,,,,,,,0.01,,0.01,0.56,,0.3,optimal,optimal,optimal,,optimal,optimal,optimal,optimal,,optimal,optimal,optimal,optimal,,optimal,,,,,,,optimal,,optimal,optimal,,optimal
mpc,WHLIPBAL17,50.0,100.0,100.0,2500.0,0.0,0.0,0.43,,0.53,0.01,0.01,0.0,,0.0,0.0,0.0,0.0,,0.0,,,,,,,0.01,,0.01,0.4,,0.3,optimal,optimal,optimal,,optimal,optimal,optimal,optimal,,optimal,optimal,optimal,optimal,,optimal,,,,,,,optimal,,optimal,optimal,,optimal
mpc,WHLIPBAL18,50.0,100.0,100.0,2500.0,0.0,0.0,0.4,,0.55,0.01,0.01,0.0,,0.0,0.0,0.0,0.0,,0.0,,,,,,,0.01,,0.01,0.41,,0.3,optimal,optimal,optimal,,optimal,optimal,optimal,optimal,,optimal,optimal,optimal,optimal,,optimal,,,,,,,optimal,,optimal,optimal,,optimal
mpc,WHLIPBAL19,50.0,100.0,100.0,2500.0,0.0,0.0,0.38,,0.5,0.01,0.01,0.0,,0.0,0.0,0.0,0.0,,0.0,,,,,,,0.01,,0.01,0.41,,0.29,optimal,optimal,optimal,,optimal,optimal,optimal,optimal,,optimal,optimal,optimal,optimal,,optimal,,,,,,,optimal,,optimal,optimal,,optimal
mpc,WHLIPBAL2,50.0,100.0,100.0,2500.0,0.0,0.0,0.51,,0.41,0.01,0.01,0.0,,0.0,0.0,0.0,0.0,,0.0,,,,,,,0.01,,0.01,0.53,,0.31,optimal,optimal,optimal,,optimal,optimal,optimal,optimal,,optimal,optimal,optimal,optimal,,optimal,,,,,,,optimal,,optimal,optimal,,optimal
mpc,WHLIPBAL20,50.0,100.0,100.0,2500.0,0.0,0.0,0.4,,0.39,0.01,0.01,0.0,,0.0,0.0,0.0,0.0,,0.0,,,,,,,0.01,,0.01,0.41,,0.29,optimal,optimal,optimal,,optimal,optimal,optimal,optimal,,optimal,optimal,optimal,optimal,,optimal,,,,,,,optimal,,optimal,optimal,,optimal
mpc,WHLIPBAL21,50.0,100.0,100.0,2500.0,0.0,0.0,0.41,,0.57,0.01,0.01,0.0,,0.0,0.0,0.0,0.0,,0.0,,,,,,,0.01,,0.01,0.43,,0.29,optimal,optimal,optimal,,optimal,optimal,optimal,optimal,,optimal,optimal,optimal,optimal,,optimal,,,,,,,optimal,,optimal,optimal,,optimal
mpc,WHLIPBAL22,50.0,100.0,100.0,2500.0,0.0,0.0,0.43,,0.41,0.01,0.01,0.0,,0.0,0.0,0.0,0.0,,0.0,,,,,,,0.01,,0.01,0.41,,0.3,optimal,optimal,optimal,,optimal,optimal,optimal,optimal,,optimal,optimal,optimal,optimal,,optimal,,,,,,,optimal,,optimal,optimal,,optimal
mpc,WHLIPBAL23,50.0,100.0,100.0,2500.0,0.0,0.0,0.39,,0.4,0.01,0.01,0.0,,0.0,0.0,0.0,0.0,,0.0,,,,,,,0.01,,0.01,0.51,,0.29,optimal,optimal,optimal,,optimal,optimal,optimal,optimal,,optimal,optimal,optimal,optimal,,optimal,,,,,,,optimal,,optimal,optimal,,optimal
mpc,WHLIPBAL24,50.0,100.0,100.0,2500.0,0.0,0.0,0.4,,0.53,0.01,0.01,0.0,,0.0,0.0,0.0,0.0,,0.0,,,,,,,0.01,,0.01,0.4,,0.29,optimal,optimal,optimal,,optimal,optimal,optimal,optimal,,optimal,optimal,optimal,optimal,,optimal,,,,,,,optimal,,optimal,optimal,,optimal
mpc,WHLIPBAL25,50.0,100.0,100.0,2500.0,0.0,0.0,0.4,,0.43,0.01,0.01,0.0,,0.0,0.0,0.0,0.0,,0.0,,,,,,,0.01,,0.01,0.4,,0.29,optimal,optimal,optimal,,optimal,optimal,optimal,optimal,,optimal,optimal,optimal,optimal,,optimal,,,,,,,optimal,,optimal,optimal,,optimal
mpc,WHLIPBAL26,50.0,100.0,100.0,2500.0,0.0,0.0,0.37,,0.44,0.01,0.01,0.0,,0.0,0.0,0.0,0.0,,0.0,,,,,,,0.01,,0.01,0.42,,0.3,optimal,optimal,optimal,,optimal,optimal,optimal,optimal,,optimal,optimal,optimal,optimal,,optimal,,,,,,,optimal,,optimal,optimal,,optimal
mpc,WHLIPBAL27,50.0,100.0,100.0,2500.0,0.0,0.0,0.42,,0.4,0.01,0.01,0.0,,0.0,0.0,0.0,0.0,,0.0,,,,,,,0.01,,0.01,0.48,,0.29,optimal,optimal,optimal,,optimal,optimal,optimal,optimal,,optimal,optimal,optimal,optimal,,optimal,,,,,,,optimal,,optimal,optimal,,optimal
mpc,WHLIPBAL28,50.0,100.0,100.0,2500.0,0.0,0.0,0.5,,0.42,0.01,0.01,0.0,,0.0,0.0,0.0,0.0,,0.0,,,,,,,0.01,,0.01,0.39,,0.3,optimal,optimal,optimal,,optimal,optimal,optimal,optimal,,optimal,optimal,optimal,optimal,,optimal,,,,,,,optimal,,optimal,optimal,,optimal
mpc,WHLIPBAL29,50.0,100.0,100.0,2500.0,0.0,0.0,0.4,,0.39,0.01,0.01,0.0,,0.0,0.0,0.0,0.0,,0.0,,,,,,,0.01,,0.01,0.4,,0.29,optimal,optimal,optimal,,optimal,optimal,optimal,optimal,,optimal,optimal,optimal,optimal,,optimal,,,,,,,optimal,,optimal,optimal,,optimal
mpc,WHLIPBAL3,50.0,100.0,100.0,2500.0,0.0,0.0,0.39,,0.39,0.01,0.01,0.0,,0.0,0.0,0.0,0.0,,0.0,,,,,,,0.01,,0.01,0.42,,0.29,optimal,optimal,optimal,,optimal,optimal,optimal,optimal,,optimal,optimal,optimal,optimal,,optimal,,,,,,,optimal,,optimal,optimal,,optimal
mpc,WHLIPBAL4,50.0,100.0,100.0,2500.0,0.0,0.0,0.38,,0.38,0.01,0.01,0.0,,0.0,0.0,0.0,0.0,,0.0,,,,,,,0.01,,0.01,0.4,,0.29,optimal,optimal,optimal,,optimal,optimal,optimal,optimal,,optimal,optimal,optimal,optimal,,optimal,,,,,,,optimal,,optimal,optimal,,optimal
mpc,WHLIPBAL5,50.0,100.0,100.0,2500.0,0.0,0.0,0.38,,0.4,0.01,0.01,0.0,,0.0,0.0,0.0,0.0,,0.0,,,,,,,0.01,,0.01,0.41,,0.29,optimal,optimal,optimal,,optimal,optimal,optimal,optimal,,optimal,optimal,optimal,optimal,,optimal,,,,,,,optimal,,optimal,optimal,,optimal
mpc,WHLIPBAL6,50.0,100.0,100.0,2500.0,0.0,0.0,0.39,,0.42,0.01,0.01,0.0,,0.0,0.0,0.0,0.0,,0.0,,,,,,,0.01,,0.01,0.51,,0.3,optimal,optimal,optimal,,optimal,optimal,optimal,optimal,,optimal,optimal,optimal,optimal,,optimal,,,,,,,optimal,,optimal,optimal,,optimal
mpc,WHLIPBAL7,50.0,100.0,100.0,2500.0,0.0,0.0,0.4,,0.42,0.01,0.01,0.0,,0.0,0.0,0.0,0.0,,0.0,,,,,,,0.01,,0.01,0.4,,0.3,optimal,optimal,optimal,,optimal,optimal,optimal,optimal,,optimal,optimal,optimal,optimal,,optimal,,,,,,,optimal,,optimal,optimal,,optimal
mpc,WHLIPBAL8,50.0,100.0,100.0,2500.0,0.0,0.0,0.38,,0.37,0.01,0.01,0.0,,0.0,0.0,0.0,0.0,,0.0,,,,,,,0.01,,0.01,0.4,,0.29,optimal,optimal,optimal,,optimal,optimal,optimal,optimal,,optimal,optimal,optimal,optimal,,optimal,,,,,,,optimal,,optimal,optimal,,optimal
mpc,WHLIPBAL9,50.0,100.0,100.0,2500.0,0.0,0.0,0.46,,0.47,0.01,0.01,0.0,,0.0,0.0,0.0,0.0,,0.0,,,,,,,0.01,,0.01,0.4,,0.29,optimal,optimal,optimal,,optimal,optimal,optimal,optimal,,optimal,optimal,optimal,optimal,,optimal,,,,,,,optimal,,optimal,optimal,,optimal
qplib,10034,40400.0,80600.0,280003.0,401.0,67.73,98.32,1.28,1.31,1.58,62.17,53.38,300.01,300.01,300.01,390.0,390.0,390.0,390.0,390.0,5.81,6.07,17.38,9.96,12.61,18.44,49.15,300.93,300.8,7.37,22.45,30.67,optimal,optimal,optimal,optimal,optimal,solver_error,solver_error,time_limit,time_limit,time_limit,time_limit,time_limit,time_limit,time_limit,time_limit,optimal,optimal,optimal,optimal,optimal,optimal,optimal,optimal,optimal,optimal,optimal,optimal
qplib,10038,160800.0,321200.0,1120003.0,801.0,29.79,30.96,2.81,3.07,3.04,300.21,300.16,300.03,300.03,300.02,37.02,55.77,390.0,390.0,390.0,8.68,10.83,12.56,20.87,26.2,26.88,29.49,34.51,41.55,11.35,15.08,9.88,optimal,optimal,optimal,optimal,optimal,time_limit,time_limit,time_limit,time_limit,time_limit,optimal,optimal,time_limit,time_limit,time_limit,optimal,optimal,optimal,optimal,optimal,optimal,optimal,optimal,optimal,optimal,optimal,optimal
qplib,8495,27543.0,35543.0,77829.0,22743.0,2.54,2.72,0.72,0.84,0.77,100.91,85.36,0.99,0.99,1.01,1.34,1.74,20.31,22.91,22.39,1.76,2.66,2.38,1.22,1.37,1.49,1.1,1.25,1.43,1.37,1.56,1.18,optimal,optimal,optimal,optimal,optimal,solver_error,solver_error,optimal,optimal,optimal,optimal,optimal,optimal,optimal,optimal,optimal,optimal,optimal,optimal,optimal,optimal,optimal,optimal,optimal,optimal,optimal,optimal
qplib,8500,250997.0,501495.0,1498996.0,63001.0,306.69,306.69,3.96,4.23,3.96,300.28,300.21,300.07,300.05,300.04,237.94,390.0,390.0,390.0,390.0,175.21,160.48,390.0,390.0,390.0,390.0,305.61,305.54,306.1,199.41,307.05,305.78,time_limit,optimal,optimal,optimal,optimal,time_limit,time_limit,time_limit,time_limit,time_limit,optimal,time_limit,time_limit,time_limit,time_limit,optimal,optimal,time_limit,time_limit,time_limit,time_limit,optimal,optimal_inaccurate,optimal,optimal,optimal_inaccurate,optimal
qplib,8515,16002.0,24004.0,56005.0,40003.0,0.16,0.18,0.54,0.58,0.61,300.04,300.03,87.81,0.07,0.06,390.0,390.0,88.19,88.33,237.98,1.92,1.79,1.94,0.53,0.6,0.51,0.14,0.22,300.17,0.41,0.68,300.42,optimal_inaccurate,optimal,solver_error,solver_error,solver_error,time_limit,time_limit,optimal,dual_infeasible,dual_infeasible,time_limit,time_limit,optimal_inaccurate,optimal_inaccurate,optimal,optimal,optimal,optimal,optimal,optimal,optimal,optimal,optimal,optimal_inaccurate,optimal,optimal,optimal_inaccurate
qplib,8547,1003001.0,2004001.0,7004001.0,2001.0,322.98,337.83,34.05,35.87,34.64,300.82,300.66,300.29,344.71,300.21,390.0,390.0,390.0,390.0,390.0,390.0,390.0,390.0,390.0,390.0,390.0,323.27,327.69,345.06,322.92,329.56,322.54,time_limit,time_limit,optimal_inaccurate,optimal_inaccurate,optimal_inaccurate,time_limit,time_limit,time_limit,time_limit,time_limit,time_limit,time_limit,time_limit,time_limit,time_limit,time_limit,time_limit,time_limit,time_limit,time_limit,time_limit,optimal_inaccurate,optimal_inaccurate,optimal_inaccurate,optimal_inaccurate,optimal_inaccurate,optimal_inaccurate
qplib,8559,10000.0,15000.0,24998.0,69968.0,8.45,8.3,2.28,2.51,2.25,8.38,6.39,26.96,49.88,57.96,12.55,19.92,390.0,390.0,390.0,2.01,2.62,2.65,3.83,4.71,4.37,37.38,65.57,82.14,16.47,24.95,23.42,optimal,optimal,optimal,optimal,optimal,solver_error,solver_error,optimal,optimal,optimal,optimal,optimal,time_limit,time_limit,time_limit,optimal,optimal,optimal,optimal,optimal,optimal,optimal,optimal,optimal,optimal,optimal,optimal
qplib,8567,10000.0,17500.0,32497.0,69968.0,4.61,4.95,2.27,2.48,2.17,18.14,14.37,21.45,71.32,94.89,16.43,26.98,390.0,390.0,390.0,1.91,2.37,2.94,2.82,3.45,4.3,26.8,39.72,51.75,10.28,15.9,14.08,optimal,optimal,optimal,optimal,optimal,optimal,optimal,optimal,optimal,optimal,optimal,optimal,time_limit,time_limit,time_limit,optimal,optimal,optimal,optimal,optimal,optimal,optimal,optimal,optimal,optimal,optimal,optimal
qplib,8602,34552.0,87535.0,242887.0,34552.0,117.94,101.02,300.47,300.33,300.3,300.07,300.05,71.7,79.79,75.29,349.18,390.0,390.0,390.0,390.0,8.05,8.25,8.99,85.7,95.17,90.27,168.57,207.82,242.93,15.79,25.96,14.65,optimal,optimal,optimal,optimal,optimal,time_limit,time_limit,optimal,optimal,optimal,optimal,time_limit,time_limit,time_limit,time_limit,optimal,optimal,optimal,optimal,optimal,optimal,optimal,optimal,optimal,optimal,optimal,optimal
qplib,8616,13870.0,24274.0,41610.0,13870.0,0.12,0.13,0.65,0.52,0.51,17.75,15.26,0.08,0.09,0.11,0.07,0.1,67.08,82.35,96.96,1.38,1.62,1.71,0.35,0.4,0.39,0.42,0.54,0.57,0.64,1.02,0.68,optimal,optimal,solver_error,solver_error,solver_error,optimal,optimal,optimal,optimal,optimal,optimal,optimal,optimal,optimal,optimal,optimal,optimal,optimal,optimal,optimal,optimal,optimal,optimal,optimal,optimal,optimal,optimal
qplib,8785,10399.0,21761.0,63023.0,10399.0,14.48,15.27,1.34,1.41,1.36,4.52,3.22,3.36,4.7,4.45,97.43,98.9,390.0,390.0,390.0,2.21,2.53,2.69,5.5,6.32,7.04,111.77,143.63,146.03,104.18,300.89,282.82,optimal,optimal,optimal,optimal,optimal,solver_error,solver_error,optimal,optimal,optimal,optimal,optimal,time_limit,time_limit,time_limit,optimal,optimal,optimal,optimal,optimal,optimal,optimal,optimal,optimal,optimal,primal_infeasible_inaccurate,optimal
qplib,8790,39204.0,39204.0,39204.0,195228.0,15.39,13.32,0.61,0.66,0.64,0.69,0.53,0.61,0.89,0.89,0.73,0.97,6.68,11.65,93.39,1.9,2.57,2.72,1.6,2.16,2.03,1.45,2.09,2.21,1.16,1.89,1.44,optimal,optimal,solver_error,solver_error,solver_error,solver_error,solver_error,optimal,optimal,optimal,optimal,optimal,optimal_inaccurate,optimal_inaccurate,optimal_inaccurate,optimal,optimal,optimal,optimal,optimal,optimal,optimal,optimal,optimal,optimal,optimal,optimal
qplib,8792,15129.0,15129.0,15129.0,75153.0,0.47,0.54,0.76,0.7,0.71,300.14,300.07,0.49,0.61,0.64,0.24,0.31,1.5,1.52,1.48,1.64,2.09,2.05,0.86,1.0,0.98,0.47,0.65,0.66,0.66,1.04,0.7,optimal,optimal,optimal,optimal,optimal,time_limit,time_limit,optimal,optimal,optimal,optimal,optimal,optimal_inaccurate,optimal_inaccurate,optimal_inaccurate,optimal,optimal,optimal,optimal,optimal,optimal,optimal,optimal,optimal,optimal,optimal,optimal
qplib,8845,1546.0,2323.0,11793.0,115788.0,1.08,1.08,1.54,1.71,1.52,300.02,300.01,0.72,5.5,13.31,0.19,0.24,24.7,26.09,25.74,1.46,1.72,1.95,0.32,0.41,0.48,0.48,0.69,0.72,1.52,1.72,8.67,optimal,optimal,optimal,optimal,optimal,time_limit,time_limit,optimal,optimal,optimal,optimal,optimal,optimal,optimal,optimal,optimal,optimal,optimal,optimal,optimal,optimal,optimal,optimal,optimal,optimal,optimal,optimal
qplib,8906,5223.0,6061.0,20781.0,112009.0,1.76,1.65,0.76,0.82,0.73,0.66,0.5,0.64,1.18,1.68,0.24,0.31,390.0,390.0,390.0,1.51,1.86,1.92,0.51,0.59,0.62,0.55,0.78,0.8,1.16,1.57,1.22,optimal,optimal,optimal,optimal,optimal,optimal,optimal,optimal,optimal,optimal,optimal,optimal,time_limit,time_limit,time_limit,optimal,optimal,optimal,optimal,optimal,optimal,optimal,optimal,optimal,optimal,optimal,optimal
qplib,8938,4001.0,16000.0,31998.0,4000.0,0.22,0.24,0.46,0.51,0.48,64.0,58.16,234.83,228.57,235.31,0.04,0.04,390.0,390.0,390.0,1.72,1.94,2.26,0.41,0.55,0.68,11.74,15.3,15.99,15.51,26.34,18.71,optimal,optimal,solver_error,solver_error,solver_error,optimal,optimal,max_iter_reached,max_iter_reached,max_iter_reached,optimal,optimal,time_limit,time_limit,time_limit,optimal,optimal,optimal,optimal,optimal,optimal,optimal,optimal,optimal,optimal,optimal,optimal
qplib,8991,14400.0,14400.0,14400.0,71520.0,0.28,0.32,0.62,0.69,0.74,300.2,300.11,0.16,0.26,0.37,0.15,0.2,0.54,0.76,0.74,1.68,2.21,2.17,0.76,1.17,1.1,0.37,0.61,0.64,0.6,0.97,0.7,optimal,optimal,optimal,optimal,optimal,time_limit,time_limit,optimal,optimal,optimal,optimal,optimal,optimal_inaccurate,optimal_inaccurate,optimal_inaccurate,optimal,optimal,optimal,optimal,optimal,optimal,optimal,optimal,optimal,optimal,optimal,optimal
qplib,9002,2890.0,4539.0,12580.0,2890.0,0.73,0.67,0.41,0.45,0.48,0.16,0.12,266.02,253.27,266.4,390.0,390.0,52.28,55.09,51.77,3.42,2.28,12.09,0.43,0.98,5.44,0.04,0.06,0.07,0.33,0.51,0.33,solver_error,solver_error,solver_error,solver_error,solver_error,solver_error,solver_error,max_iter_reached,max_iter_reached,max_iter_reached,time_limit,time_limit,primal_infeasible,primal_infeasible,primal_infeasible,optimal_inaccurate,optimal,optimal_inaccurate,optimal,optimal,optimal,primal_infeasible,primal_infeasible,primal_infeasible,primal_infeasible,primal_infeasible,primal_infeasible
qplib,9008,1009306.0,1998910.0,10643392.0,19604.0,390.0,390.0,275.23,254.21,275.19,301.17,300.97,,,,,,390.0,390.0,390.0,390.0,390.0,390.0,390.0,390.0,390.0,390.0,390.0,390.0,345.35,353.86,342.95,time_limit,time_limit,optimal,optimal,optimal,time_limit,time_limit,worker_error,worker_error,worker_error,worker_error,worker_error,time_limit,time_limit,time_limit,time_limit,time_limit,time_limit,time_limit,time_limit,time_limit,time_limit,time_limit,time_limit,optimal_inaccurate,optimal_inaccurate,optimal_inaccurate
