dataset,problem,n,m,nnz_a,clarabel_1e-4,clarabel_1e-6,clarabel_1e-8,cvxopt_1e-4,cvxopt_1e-6,scs_cpu_1e-4,scs_cpu_1e-6,scs_cudss_1e-4,scs_cudss_1e-6,sdpa_1e-4,sdpa_1e-6,clarabel_1e-4_status,clarabel_1e-6_status,clarabel_1e-8_status,cvxopt_1e-4_status,cvxopt_1e-6_status,scs_cpu_1e-4_status,scs_cpu_1e-6_status,scs_cudss_1e-4_status,scs_cudss_1e-6_status,sdpa_1e-4_status,sdpa_1e-6_status
mittelmann_sdp,G40mc,2000.0,2001000.0,2000.0,,,,0.13,0.14,562.28,914.53,822.08,,64.31,88.6,,,,solver_error,solver_error,optimal_inaccurate,optimal_inaccurate,optimal_inaccurate,,optimal_inaccurate,optimal
mittelmann_sdp,biggs,1819.0,8463.0,14431.0,44.53,60.73,279.32,85.5,90.57,0.23,0.25,1.64,,0.83,0.87,optimal_inaccurate,optimal_inaccurate,optimal_inaccurate,optimal_inaccurate,optimal,primal_infeasible,primal_infeasible,primal_infeasible,,primal_or_dual_infeasible,primal_or_dual_infeasible
mittelmann_sdp,buck3,544.0,103585.0,7831.0,12.63,16.24,14.95,276.67,312.31,900.27,900.38,903.17,,3.05,3.41,optimal_inaccurate,optimal_inaccurate,optimal,optimal_inaccurate,optimal,optimal_inaccurate,optimal_inaccurate,optimal_inaccurate,,solver_error,solver_error
mittelmann_sdp,cnhil8,1716.0,7260.0,7260.0,21.04,35.21,39.92,22.25,25.32,32.57,900.07,132.73,,2.43,2.65,optimal_inaccurate,optimal,optimal,optimal_inaccurate,max_iter_reached,optimal_inaccurate,optimal,optimal_inaccurate,,optimal_inaccurate,optimal_inaccurate
mittelmann_sdp,rose13,2379.0,5565.0,5564.0,29.24,43.01,30.11,62.03,79.11,0.6,7.67,2.44,,4.32,5.8,optimal_inaccurate,optimal,optimal,optimal_inaccurate,max_iter_reached,optimal_inaccurate,optimal,optimal_inaccurate,,optimal,optimal
mittelmann_sdp,trto3,544.0,52225.0,3902.0,5.15,5.54,4.61,157.85,155.28,900.61,900.48,901.51,,2.21,2.41,optimal_inaccurate,optimal_inaccurate,optimal,optimal_inaccurate,optimal,optimal_inaccurate,optimal_inaccurate,optimal_inaccurate,,solver_error,solver_error
sdplib,arch0,174.0,56280.0,3030.0,10.37,10.38,15.83,30.71,33.39,538.5,900.39,901.11,900.93,2.03,2.15,optimal_inaccurate,optimal,optimal,optimal_inaccurate,optimal,optimal_inaccurate,optimal_inaccurate,optimal_inaccurate,optimal_inaccurate,optimal_inaccurate,optimal
sdplib,arch2,174.0,56280.0,3420.0,5.39,6.13,8.88,29.15,31.34,333.45,900.15,746.62,900.83,1.92,2.15,optimal_inaccurate,optimal,optimal,optimal_inaccurate,optimal,optimal_inaccurate,optimal_inaccurate,optimal_inaccurate,optimal_inaccurate,optimal_inaccurate,optimal
sdplib,arch4,174.0,56280.0,3420.0,5.44,5.96,8.12,32.43,32.14,900.28,900.22,900.83,900.83,1.93,2.15,optimal_inaccurate,optimal,optimal,optimal_inaccurate,optimal,optimal_inaccurate,optimal_inaccurate,optimal_inaccurate,optimal_inaccurate,optimal_inaccurate,optimal
sdplib,arch8,174.0,56280.0,3420.0,6.44,6.67,10.17,44.86,41.52,468.84,900.2,900.78,900.75,1.96,2.15,optimal_inaccurate,optimal_inaccurate,optimal,optimal_inaccurate,optimal,optimal_inaccurate,optimal_inaccurate,optimal_inaccurate,optimal_inaccurate,optimal_inaccurate,optimal
sdplib,control1,21.0,120.0,345.0,0.01,0.01,0.01,0.04,0.04,20.2,26.98,269.4,184.05,0.07,0.08,optimal_inaccurate,optimal_inaccurate,optimal_inaccurate,optimal_inaccurate,optimal,optimal_inaccurate,optimal_inaccurate,optimal_inaccurate,optimal_inaccurate,optimal_inaccurate,optimal
sdplib,control10,1326.0,11325.0,313950.0,71.57,61.68,87.89,80.98,84.41,900.31,900.44,900.64,900.56,31.63,34.86,optimal_inaccurate,optimal_inaccurate,optimal,optimal,optimal,optimal_inaccurate,optimal_inaccurate,optimal_inaccurate,optimal_inaccurate,optimal_inaccurate,optimal
sdplib,control11,1596.0,13695.0,417670.0,83.05,102.4,118.3,129.82,134.11,900.34,900.46,900.8,900.5,49.55,60.73,optimal_inaccurate,optimal,optimal,optimal_inaccurate,optimal,optimal_inaccurate,optimal_inaccurate,optimal_inaccurate,optimal_inaccurate,optimal_inaccurate,optimal
sdplib,control2,66.0,465.0,2590.0,0.1,0.11,0.14,0.09,0.09,77.73,105.11,658.0,439.2,0.23,0.24,optimal_inaccurate,optimal,optimal,optimal,optimal,optimal_inaccurate,optimal_inaccurate,optimal_inaccurate,optimal_inaccurate,optimal_inaccurate,optimal
sdplib,control3,136.0,1035.0,8610.0,0.39,0.54,0.59,0.34,0.36,172.69,228.24,900.47,806.57,0.5,0.56,optimal_inaccurate,optimal,optimal,optimal,optimal,optimal_inaccurate,optimal_inaccurate,optimal_inaccurate,optimal_inaccurate,optimal_inaccurate,optimal
sdplib,control4,231.0,1830.0,20280.0,1.67,2.36,2.52,1.0,1.07,335.85,445.02,900.76,900.32,0.95,1.16,optimal_inaccurate,optimal,optimal,optimal,optimal,optimal_inaccurate,optimal_inaccurate,optimal_inaccurate,optimal_inaccurate,optimal_inaccurate,optimal
sdplib,control5,351.0,2850.0,39475.0,3.58,4.88,4.84,2.89,3.13,586.6,757.09,900.5,900.35,1.92,2.45,optimal_inaccurate,optimal,optimal,optimal,optimal,optimal_inaccurate,optimal_inaccurate,optimal_inaccurate,optimal_inaccurate,optimal_inaccurate,optimal
sdplib,control6,496.0,4095.0,68070.0,8.38,11.39,11.47,6.53,6.7,865.9,900.25,900.56,900.38,3.77,4.39,optimal_inaccurate,optimal,optimal,optimal_inaccurate,optimal,optimal_inaccurate,optimal_inaccurate,optimal_inaccurate,optimal_inaccurate,optimal_inaccurate,optimal
sdplib,control7,666.0,5565.0,107940.0,13.67,17.0,17.32,13.67,15.45,869.6,900.11,900.61,900.35,7.25,8.98,optimal_inaccurate,optimal,optimal,optimal_inaccurate,max_iter_reached,optimal_inaccurate,optimal_inaccurate,optimal_inaccurate,optimal_inaccurate,optimal_inaccurate,optimal
sdplib,control8,861.0,7260.0,160960.0,21.46,27.94,31.56,24.74,25.54,900.18,900.19,900.69,900.45,10.43,14.8,optimal_inaccurate,optimal,optimal,optimal_inaccurate,optimal,optimal_inaccurate,optimal_inaccurate,optimal_inaccurate,optimal_inaccurate,optimal_inaccurate,optimal
sdplib,control9,1081.0,9180.0,229005.0,34.98,45.71,52.56,43.47,46.17,900.21,900.23,900.71,900.48,17.62,24.94,optimal_inaccurate,optimal,optimal,optimal,optimal,optimal_inaccurate,optimal_inaccurate,optimal_inaccurate,optimal_inaccurate,optimal_inaccurate,optimal
sdplib,equalG11,801.0,321201.0,321201.0,,,,415.81,556.74,918.3,920.25,908.09,906.26,68.71,76.59,,,,optimal_inaccurate,optimal,optimal_inaccurate,optimal_inaccurate,optimal_inaccurate,optimal_inaccurate,optimal_inaccurate,optimal
sdplib,equalG51,1001.0,501501.0,501501.0,,,,990.0,990.0,941.09,947.35,913.73,911.09,130.12,153.67,,,,time_limit,time_limit,optimal_inaccurate,optimal_inaccurate,optimal_inaccurate,optimal_inaccurate,optimal_inaccurate,optimal
sdplib,gpp100,101.0,5050.0,5150.0,15.11,24.99,36.39,0.33,0.6,39.87,900.03,159.0,900.31,0.66,0.74,optimal_inaccurate,optimal_inaccurate,optimal,optimal_inaccurate,optimal,optimal_inaccurate,optimal_inaccurate,optimal_inaccurate,optimal_inaccurate,optimal_inaccurate,optimal
sdplib,gpp124-1,125.0,7750.0,7874.0,49.45,71.09,94.36,0.83,1.31,432.81,900.06,900.56,900.43,0.97,1.1,optimal_inaccurate,optimal,optimal,optimal_inaccurate,optimal,optimal_inaccurate,optimal_inaccurate,optimal_inaccurate,optimal_inaccurate,optimal,solver_error
sdplib,gpp124-2,125.0,7750.0,7874.0,39.02,60.12,90.55,0.7,1.35,485.99,900.07,900.56,900.37,0.94,1.07,optimal_inaccurate,optimal_inaccurate,optimal,optimal_inaccurate,optimal,optimal_inaccurate,optimal_inaccurate,optimal_inaccurate,optimal_inaccurate,optimal_inaccurate,optimal
sdplib,gpp124-3,125.0,7750.0,7874.0,37.0,64.18,81.28,0.53,1.02,245.29,900.07,900.63,900.43,0.95,1.06,optimal_inaccurate,optimal_inaccurate,optimal,optimal_inaccurate,optimal,optimal_inaccurate,optimal_inaccurate,optimal_inaccurate,optimal_inaccurate,optimal_inaccurate,optimal
sdplib,gpp124-4,125.0,7750.0,7874.0,41.54,68.52,89.04,0.7,1.34,828.92,900.04,900.55,900.4,0.92,1.05,optimal_inaccurate,optimal_inaccurate,optimal,optimal_inaccurate,optimal,optimal_inaccurate,optimal_inaccurate,optimal_inaccurate,optimal_inaccurate,optimal_inaccurate,solver_error
sdplib,gpp250-1,251.0,31375.0,31625.0,985.57,990.0,990.0,8.98,52.23,785.35,900.32,900.89,900.59,3.62,4.03,optimal_inaccurate,time_limit,time_limit,optimal_inaccurate,primal_infeasible_inaccurate,optimal_inaccurate,optimal_inaccurate,optimal_inaccurate,optimal_inaccurate,optimal_inaccurate,optimal
sdplib,gpp250-2,251.0,31375.0,31625.0,978.26,990.0,990.0,6.9,12.72,753.26,900.36,900.8,900.62,3.59,4.09,optimal_inaccurate,time_limit,time_limit,optimal_inaccurate,optimal,optimal_inaccurate,optimal_inaccurate,optimal_inaccurate,optimal_inaccurate,optimal_inaccurate,optimal
sdplib,gpp250-3,251.0,31375.0,31625.0,977.92,980.97,990.0,7.26,14.1,900.49,900.33,900.85,900.56,3.61,4.26,optimal_inaccurate,time_limit,time_limit,optimal_inaccurate,optimal,optimal_inaccurate,optimal_inaccurate,optimal_inaccurate,optimal_inaccurate,optimal_inaccurate,optimal
sdplib,gpp250-4,251.0,31375.0,31625.0,912.57,990.0,990.0,6.68,13.12,900.3,900.23,901.07,900.63,3.59,4.04,optimal_inaccurate,time_limit,time_limit,optimal_inaccurate,optimal,optimal_inaccurate,optimal_inaccurate,optimal_inaccurate,optimal_inaccurate,optimal_inaccurate,optimal
sdplib,gpp500-1,501.0,125250.0,125750.0,,,990.0,117.36,616.14,903.56,903.38,902.49,900.99,20.03,22.22,,,time_limit,optimal_inaccurate,primal_infeasible_inaccurate,optimal_inaccurate,optimal_inaccurate,optimal_inaccurate,optimal_inaccurate,optimal_inaccurate,optimal
sdplib,gpp500-2,501.0,125250.0,125750.0,,,990.0,86.04,161.57,564.82,903.34,733.07,901.94,19.98,22.22,,,time_limit,optimal_inaccurate,optimal,optimal_inaccurate,optimal_inaccurate,optimal_inaccurate,optimal_inaccurate,optimal_inaccurate,optimal
sdplib,gpp500-3,501.0,125250.0,125750.0,,,990.0,73.28,128.77,904.19,902.74,902.93,,19.74,22.18,,,time_limit,optimal_inaccurate,optimal,optimal_inaccurate,optimal_inaccurate,optimal_inaccurate,,optimal_inaccurate,optimal
sdplib,gpp500-4,501.0,125250.0,125750.0,,,990.0,60.54,110.47,903.77,903.39,902.41,,19.6,22.42,,,time_limit,optimal_inaccurate,optimal,optimal_inaccurate,optimal_inaccurate,optimal_inaccurate,,optimal_inaccurate,optimal
sdplib,hinf1,13.0,105.0,92.0,0.0,0.0,0.0,0.01,0.02,0.11,13.57,1.47,,0.03,0.04,optimal_inaccurate,optimal,optimal,optimal_inaccurate,optimal_inaccurate,optimal_inaccurate,optimal,optimal_inaccurate,,optimal_inaccurate,optimal
sdplib,hinf10,21.0,171.0,190.0,0.0,0.01,0.01,0.03,0.03,0.12,5.95,1.9,,0.04,0.08,optimal_inaccurate,optimal,optimal,optimal_inaccurate,optimal_inaccurate,optimal_inaccurate,optimal,optimal_inaccurate,,optimal_inaccurate,optimal_inaccurate
sdplib,hinf11,31.0,253.0,417.0,0.01,0.01,0.01,0.03,0.03,0.4,42.96,3.85,,0.04,0.08,optimal_inaccurate,optimal,optimal,optimal_inaccurate,optimal_inaccurate,optimal_inaccurate,optimal,optimal_inaccurate,,optimal_inaccurate,optimal_inaccurate
sdplib,hinf12,43.0,300.0,579.0,0.02,0.02,0.02,0.09,0.1,0.38,8.3,3.53,,0.06,0.08,optimal_inaccurate,optimal,optimal,optimal_inaccurate,max_iter_reached,optimal_inaccurate,optimal,optimal_inaccurate,,solver_error,solver_error
sdplib,hinf13,57.0,465.0,1444.0,0.02,0.02,0.02,0.06,0.05,0.1,73.6,1.15,,0.07,0.07,optimal_inaccurate,optimal,optimal,max_iter_reached,max_iter_reached,optimal_inaccurate,optimal,optimal_inaccurate,,solver_error,primal_or_dual_infeasible
sdplib,hinf14,73.0,595.0,2394.0,0.02,0.04,0.04,0.08,0.09,0.34,12.0,3.21,,0.16,0.19,optimal_inaccurate,optimal,optimal,optimal_inaccurate,optimal_inaccurate,optimal_inaccurate,optimal,optimal_inaccurate,,optimal_inaccurate,solver_error
sdplib,hinf15,91.0,703.0,3394.0,0.04,0.05,0.04,0.11,0.11,1.05,122.25,8.42,,0.2,0.26,optimal_inaccurate,optimal_inaccurate,optimal_inaccurate,max_iter_reached,max_iter_reached,optimal_inaccurate,optimal,optimal_inaccurate,,solver_error,solver_error
sdplib,hinf2,13.0,136.0,118.0,0.0,0.0,0.0,0.02,0.02,0.53,1.46,5.4,,0.03,0.05,optimal_inaccurate,optimal,optimal,optimal_inaccurate,optimal_inaccurate,optimal_inaccurate,optimal,optimal_inaccurate,,optimal,optimal
sdplib,hinf3,13.0,136.0,118.0,0.0,0.0,0.0,0.02,0.02,0.07,0.35,1.1,,0.03,0.04,optimal_inaccurate,optimal,optimal,optimal_inaccurate,optimal_inaccurate,optimal_inaccurate,optimal,optimal_inaccurate,,optimal_inaccurate,solver_error
sdplib,hinf4,13.0,136.0,118.0,0.0,0.0,0.0,0.02,0.02,0.04,0.46,0.89,,0.03,0.05,optimal_inaccurate,optimal,optimal,optimal_inaccurate,optimal,optimal_inaccurate,optimal,optimal_inaccurate,,optimal_inaccurate,optimal
sdplib,hinf5,13.0,136.0,118.0,0.0,0.0,0.0,0.02,0.02,0.03,27.84,0.77,,0.03,0.06,optimal_inaccurate,solver_error,solver_error,optimal_inaccurate,optimal_inaccurate,optimal_inaccurate,optimal,optimal_inaccurate,,solver_error,solver_error
sdplib,hinf6,13.0,136.0,118.0,0.0,0.0,0.01,0.02,0.02,0.45,9.94,4.62,,0.03,0.06,optimal_inaccurate,optimal,optimal,optimal_inaccurate,optimal,optimal_inaccurate,optimal,optimal_inaccurate,,optimal_inaccurate,solver_error
sdplib,hinf7,13.0,136.0,118.0,0.0,0.0,0.0,0.01,0.01,0.3,12.48,3.3,,0.04,0.04,solver_error,solver_error,solver_error,optimal_inaccurate,optimal_inaccurate,optimal_inaccurate,optimal,optimal_inaccurate,,optimal_inaccurate,solver_error
sdplib,hinf8,13.0,136.0,118.0,0.0,0.0,0.0,0.01,0.02,0.31,10.46,3.33,,0.03,0.05,optimal_inaccurate,optimal,optimal,optimal_inaccurate,optimal_inaccurate,optimal_inaccurate,optimal,optimal_inaccurate,,optimal_inaccurate,solver_error
sdplib,hinf9,13.0,136.0,118.0,0.0,0.0,0.0,0.02,0.01,0.24,25.11,8.2,,0.03,0.1,solver_error,solver_error,solver_error,optimal,optimal,optimal_inaccurate,optimal,optimal_inaccurate,,optimal_inaccurate,solver_error
sdplib,infd1,10.0,465.0,4650.0,0.19,0.19,0.17,0.11,0.11,0.02,0.01,0.49,,0.03,0.03,dual_infeasible,dual_infeasible,dual_infeasible,primal_infeasible_inaccurate,primal_infeasible_inaccurate,dual_infeasible,dual_infeasible,dual_infeasible,,dual_infeasible,dual_infeasible
sdplib,infd2,10.0,465.0,4650.0,0.2,0.18,0.22,0.11,0.11,0.02,0.01,0.5,,0.03,0.03,dual_infeasible,dual_infeasible,dual_infeasible,primal_infeasible_inaccurate,primal_infeasible_inaccurate,dual_infeasible,dual_infeasible,dual_infeasible,,dual_infeasible,dual_infeasible
sdplib,infp1,10.0,465.0,4650.0,0.15,0.14,0.16,0.11,0.11,0.01,0.01,0.52,,0.03,0.03,primal_infeasible_inaccurate,primal_infeasible_inaccurate,primal_infeasible_inaccurate,primal_infeasible_inaccurate,primal_infeasible_inaccurate,primal_infeasible,primal_infeasible,primal_infeasible,,primal_infeasible,primal_infeasible
sdplib,infp2,10.0,465.0,4650.0,0.14,0.14,0.14,0.11,0.1,0.01,0.01,0.6,,0.02,0.03,primal_infeasible_inaccurate,primal_infeasible_inaccurate,primal_infeasible_inaccurate,primal_infeasible_inaccurate,primal_infeasible_inaccurate,primal_infeasible,primal_infeasible,primal_infeasible,,primal_infeasible,primal_infeasible
sdplib,maxG11,800.0,320400.0,800.0,,,7.43,344.99,415.51,48.45,900.29,57.68,,5.89,7.71,,,optimal,optimal_inaccurate,optimal,optimal_inaccurate,optimal_inaccurate,optimal_inaccurate,,optimal_inaccurate,optimal
sdplib,maxG32,2000.0,2001000.0,2000.0,,,149.77,0.03,0.03,620.56,937.77,754.53,,53.22,66.46,,,optimal,solver_error,solver_error,optimal_inaccurate,optimal_inaccurate,optimal_inaccurate,,optimal_inaccurate,optimal
sdplib,maxG51,1000.0,500500.0,1000.0,,,990.0,956.99,990.0,68.18,904.84,87.61,,10.44,15.86,,,time_limit,optimal_inaccurate,time_limit,optimal_inaccurate,optimal_inaccurate,optimal_inaccurate,,optimal_inaccurate,optimal
sdplib,maxG55,5000.0,12502500.0,5000.0,,,,0.17,0.77,990.0,990.0,990.0,,577.38,795.21,,,,solver_error,solver_error,time_limit,time_limit,time_limit,,optimal_inaccurate,optimal
sdplib,maxG60,7000.0,24503500.0,7000.0,,,,0.2,0.4,990.0,990.0,990.0,,990.0,990.0,,,,solver_error,solver_error,time_limit,time_limit,time_limit,,time_limit,time_limit
sdplib,mcp100,100.0,5050.0,100.0,0.51,0.52,0.61,0.22,0.27,0.51,0.94,2.02,,0.07,0.1,optimal_inaccurate,optimal,optimal,optimal_inaccurate,optimal,optimal_inaccurate,optimal,optimal_inaccurate,,optimal,optimal
sdplib,mcp124-1,124.0,7750.0,124.0,0.02,0.03,0.04,0.44,0.53,1.27,1.99,4.63,,0.09,0.14,optimal_inaccurate,optimal,optimal,optimal_inaccurate,optimal,optimal_inaccurate,optimal,optimal_inaccurate,,optimal_inaccurate,optimal
sdplib,mcp124-2,124.0,7750.0,124.0,1.04,1.18,1.43,0.46,0.56,0.93,1.51,3.65,,0.09,0.14,optimal_inaccurate,optimal,optimal,optimal,optimal,optimal_inaccurate,optimal,optimal_inaccurate,,optimal_inaccurate,optimal
sdplib,mcp124-3,124.0,7750.0,124.0,4.56,4.83,6.22,0.39,0.59,0.91,1.42,3.69,,0.09,0.13,optimal_inaccurate,optimal,optimal,optimal_inaccurate,optimal,optimal_inaccurate,optimal,optimal_inaccurate,,optimal_inaccurate,optimal
sdplib,mcp124-4,124.0,7750.0,124.0,13.0,13.75,18.85,0.39,0.49,0.83,1.38,3.5,,0.08,0.13,optimal_inaccurate,optimal,optimal,optimal_inaccurate,optimal,optimal_inaccurate,optimal,optimal_inaccurate,,optimal,optimal
sdplib,mcp250-1,250.0,31375.0,250.0,0.35,0.39,0.49,5.21,6.09,7.36,7.5,17.43,,0.25,0.35,optimal_inaccurate,optimal,optimal,optimal,optimal,optimal,optimal,optimal_inaccurate,,optimal_inaccurate,optimal
sdplib,mcp250-2,250.0,31375.0,250.0,7.05,6.82,9.55,5.23,6.25,6.68,5.77,13.26,,0.23,0.35,optimal_inaccurate,optimal,optimal,optimal_inaccurate,optimal,optimal_inaccurate,optimal,optimal_inaccurate,,optimal_inaccurate,optimal
sdplib,mcp250-3,250.0,31375.0,250.0,61.96,64.5,84.52,4.68,5.17,5.6,26.07,15.34,,0.25,0.34,optimal_inaccurate,optimal,optimal,optimal,optimal,optimal_inaccurate,optimal,optimal_inaccurate,,optimal_inaccurate,optimal
sdplib,mcp250-4,250.0,31375.0,250.0,184.25,219.76,284.82,4.62,5.69,3.63,42.77,8.62,,0.25,0.34,optimal_inaccurate,optimal,optimal,optimal,optimal,optimal_inaccurate,optimal,optimal_inaccurate,,optimal,optimal
sdplib,mcp500-1,500.0,125250.0,500.0,,,2.34,65.9,83.76,39.29,64.38,54.51,,1.44,3.27,,,optimal,optimal_inaccurate,optimal,optimal_inaccurate,optimal,optimal_inaccurate,,optimal_inaccurate,optimal
sdplib,mcp500-2,500.0,125250.0,500.0,,,196.48,60.8,78.62,74.04,76.15,92.32,,2.0,3.31,,,optimal,optimal_inaccurate,optimal,optimal_inaccurate,optimal,optimal_inaccurate,,optimal_inaccurate,optimal
sdplib,mcp500-3,500.0,125250.0,500.0,,,990.0,54.61,67.52,65.6,541.35,94.57,,1.01,1.36,,,time_limit,optimal_inaccurate,optimal,optimal_inaccurate,optimal,optimal_inaccurate,,optimal_inaccurate,optimal
sdplib,mcp500-4,500.0,125250.0,500.0,,,990.0,54.29,66.94,58.61,273.99,77.44,,1.72,3.62,,,time_limit,optimal_inaccurate,optimal,optimal_inaccurate,optimal,optimal_inaccurate,,optimal_inaccurate,optimal
sdplib,qap10,1021.0,5151.0,13101.0,13.25,19.36,36.64,5.33,5.41,84.96,900.05,278.29,,0.82,0.97,optimal_inaccurate,optimal,optimal,optimal_inaccurate,optimal_inaccurate,optimal_inaccurate,optimal,optimal_inaccurate,,optimal_inaccurate,solver_error
sdplib,qap5,136.0,351.0,1026.0,0.09,0.11,0.11,0.04,0.04,0.03,0.03,0.85,,0.05,0.1,optimal_inaccurate,optimal,optimal,optimal_inaccurate,optimal,optimal_inaccurate,optimal,optimal_inaccurate,,optimal_inaccurate,solver_error
sdplib,qap6,229.0,703.0,1981.0,0.39,0.69,0.9,0.13,0.13,7.29,161.15,46.61,,0.17,0.2,optimal_inaccurate,optimal,optimal,optimal_inaccurate,optimal_inaccurate,optimal_inaccurate,optimal,optimal_inaccurate,,optimal_inaccurate,optimal_inaccurate
sdplib,qap7,358.0,1275.0,3480.0,0.97,1.96,2.56,0.47,0.53,11.73,144.09,58.04,,0.26,0.3,optimal_inaccurate,optimal,optimal,optimal_inaccurate,optimal_inaccurate,optimal_inaccurate,optimal,optimal_inaccurate,,optimal_inaccurate,optimal_inaccurate
sdplib,qap8,529.0,2145.0,5697.0,2.56,4.53,6.74,1.32,1.29,12.59,383.18,50.64,,0.37,0.45,optimal_inaccurate,optimal,optimal,optimal_inaccurate,optimal_inaccurate,optimal_inaccurate,optimal,optimal_inaccurate,,optimal_inaccurate,optimal_inaccurate
sdplib,qap9,748.0,3403.0,8830.0,5.78,8.83,14.41,2.39,2.48,27.15,826.74,83.85,,0.55,0.6,optimal_inaccurate,optimal,optimal,optimal_inaccurate,optimal_inaccurate,optimal_inaccurate,optimal,optimal_inaccurate,,optimal_inaccurate,solver_error
sdplib,qpG11,800.0,1280800.0,1600.0,,,7.31,990.0,990.0,353.05,911.2,309.24,,23.37,32.87,,,optimal,time_limit,time_limit,optimal_inaccurate,optimal,optimal_inaccurate,,optimal_inaccurate,optimal
sdplib,qpG51,1000.0,2001000.0,2000.0,,,990.0,0.03,0.04,917.46,668.24,802.75,,43.84,58.2,,,time_limit,solver_error,solver_error,optimal_inaccurate,optimal,optimal,,optimal_inaccurate,optimal
sdplib,ss30,132.0,90951.0,6642.0,56.6,57.91,60.73,32.69,35.03,900.77,900.3,900.99,,2.74,3.18,optimal_inaccurate,optimal_inaccurate,optimal,optimal_inaccurate,optimal,optimal_inaccurate,optimal_inaccurate,optimal_inaccurate,,optimal_inaccurate,optimal
sdplib,theta1,104.0,1275.0,153.0,0.86,0.87,1.11,0.07,0.08,0.06,0.08,0.61,,0.05,0.08,optimal_inaccurate,optimal,optimal,optimal,optimal,optimal_inaccurate,optimal,optimal_inaccurate,,optimal_inaccurate,optimal
sdplib,theta2,498.0,5050.0,597.0,9.83,10.95,13.54,1.5,1.59,0.35,0.45,1.52,,0.51,0.6,optimal_inaccurate,optimal,optimal,optimal,optimal,optimal_inaccurate,optimal,optimal_inaccurate,,optimal_inaccurate,optimal
sdplib,theta3,1106.0,11325.0,1255.0,52.49,53.03,75.41,8.57,10.16,0.81,0.87,2.0,,1.15,1.96,optimal_inaccurate,optimal,optimal,optimal,optimal,optimal_inaccurate,optimal,optimal_inaccurate,,optimal_inaccurate,optimal
sdplib,theta4,1949.0,20100.0,2148.0,175.01,211.75,268.27,33.89,40.26,1.35,1.74,3.57,,2.67,3.31,optimal_inaccurate,optimal_inaccurate,optimal,optimal_inaccurate,optimal,optimal_inaccurate,optimal,optimal_inaccurate,,optimal_inaccurate,optimal
sdplib,theta5,3028.0,31375.0,3277.0,476.08,610.41,796.77,107.38,129.94,1.86,2.55,4.18,,6.0,7.67,optimal_inaccurate,optimal,optimal,optimal_inaccurate,optimal,optimal_inaccurate,optimal,optimal_inaccurate,,optimal_inaccurate,optimal
sdplib,theta6,4375.0,45150.0,4674.0,990.0,990.0,990.0,285.58,342.92,2.58,3.99,4.64,,13.28,17.09,time_limit,time_limit,time_limit,optimal_inaccurate,optimal,optimal_inaccurate,optimal,optimal_inaccurate,,optimal_inaccurate,optimal
sdplib,thetaG11,2401.0,321201.0,10401.0,,,14.04,990.0,990.0,769.37,900.96,782.31,,7.17,8.82,,,optimal,time_limit,time_limit,optimal_inaccurate,optimal_inaccurate,optimal_inaccurate,,optimal_inaccurate,optimal
sdplib,thetaG51,6910.0,501501.0,36455.0,,,990.0,0.08,0.07,902.38,907.19,909.12,,78.65,109.65,,,time_limit,solver_error,solver_error,optimal_inaccurate,optimal_inaccurate,optimal_inaccurate,,optimal_inaccurate,optimal
sdplib,truss1,6.0,91.0,25.0,0.0,0.0,0.0,0.01,0.01,0.0,0.0,0.36,,0.03,0.04,optimal_inaccurate,optimal,optimal,optimal_inaccurate,optimal,optimal,optimal,optimal,,optimal_inaccurate,optimal
sdplib,truss2,58.0,8911.0,567.0,0.01,0.01,0.01,0.63,0.72,0.77,7.47,3.02,,0.21,0.55,optimal_inaccurate,optimal_inaccurate,optimal,optimal_inaccurate,optimal,optimal_inaccurate,optimal,optimal_inaccurate,,optimal_inaccurate,optimal
sdplib,truss3,27.0,496.0,118.0,0.0,0.0,0.0,0.02,0.02,0.03,0.31,0.59,,0.12,0.05,optimal_inaccurate,optimal,optimal,optimal_inaccurate,optimal,optimal_inaccurate,optimal,optimal_inaccurate,,optimal_inaccurate,optimal
sdplib,truss4,12.0,190.0,50.0,0.0,0.0,0.0,0.01,0.01,0.01,0.01,0.38,,0.03,0.04,optimal_inaccurate,optimal,optimal,optimal_inaccurate,optimal,optimal,optimal,optimal,,optimal_inaccurate,optimal
sdplib,truss5,208.0,54946.0,2823.0,1.16,1.19,2.13,19.54,21.54,522.51,900.06,336.68,,1.65,1.9,optimal_inaccurate,optimal_inaccurate,optimal,optimal_inaccurate,optimal,optimal_inaccurate,optimal,optimal_inaccurate,,optimal_inaccurate,optimal
sdplib,truss6,172.0,101926.0,1726.0,0.07,0.07,0.09,65.62,73.09,110.57,284.18,119.88,,2.36,2.89,optimal_inaccurate,optimal_inaccurate,optimal,optimal,optimal,optimal_inaccurate,optimal,optimal_inaccurate,,optimal,optimal
sdplib,truss7,86.0,45451.0,863.0,0.04,0.04,0.04,12.82,14.22,13.07,67.62,28.91,,1.28,1.47,optimal_inaccurate,optimal_inaccurate,optimal,optimal_inaccurate,optimal,optimal_inaccurate,optimal,optimal_inaccurate,,optimal,optimal
sdplib,truss8,496.0,197506.0,8286.0,11.53,12.98,21.31,225.3,248.72,901.0,901.33,903.23,,5.17,6.4,optimal_inaccurate,optimal_inaccurate,optimal,optimal_inaccurate,optimal,optimal_inaccurate,optimal_inaccurate,optimal_inaccurate,,optimal_inaccurate,optimal
